Year,League,Teams,No of Bat,Batter Age,Runs Scored per gm,Games,Plate app,At Bats,Runs,Hits,2B,3B,HR,RBI,Walks,SO,Hits/AB,OBP,SLG,OPS,TB
2019,AL,15,543,27.9,4.9,1873,71893,64404,9182,16356,3359,300,2688,8754,6103,16338,0.254,0.323,0.441,0.764,28379
2018,AL,15,603,28.2,4.53,2430,92254,82710,10999,20615,4271,390,2900,10490,7637,20206,0.249,0.318,0.415,0.734,34366
2017,AL,15,577,28.6,4.71,2430,92622,83034,11443,21230,4194,334,3170,10901,7785,19794,0.256,0.324,0.429,0.753,35602
2016,AL,15,575,28.7,4.52,2428,92040,82926,10970,21299,4154,371,2953,10496,7365,19096,0.257,0.321,0.423,0.744,35054
2015,AL,15,598,28.5,4.39,2428,91838,82836,10651,21159,4166,459,2634,10142,7047,18281,0.255,0.318,0.412,0.73,34145
2014,AL,15,575,28.7,4.18,2430,92190,83123,10161,21033,4132,390,2161,9636,7091,18245,0.253,0.316,0.39,0.706,32428
2013,AL,15,565,28.7,4.33,2432,92757,83380,10525,21325,4183,348,2504,10028,7534,18336,0.256,0.32,0.404,0.725,33716
2012,AL,14,506,28.7,4.45,2268,86116,77437,10088,19780,3808,369,2500,9628,6896,16618,0.255,0.32,0.411,0.731,31826
2011,AL,14,483,28.7,4.46,2268,86482,77586,10117,20004,4005,411,2271,9645,6986,15588,0.258,0.323,0.408,0.73,31644
2010,AL,14,506,29,4.45,2268,86744,77467,10097,20131,4016,368,2209,9600,7367,15214,0.26,0.327,0.407,0.734,31510
2009,AL,14,491,29,4.82,2270,87538,77965,10938,20783,4131,388,2560,10437,7694,15309,0.267,0.336,0.428,0.764,33370
2008,AL,14,506,28.9,4.78,2268,87630,78119,10844,20901,4285,408,2270,10338,7521,14834,0.268,0.336,0.42,0.756,32812
2007,AL,14,495,29.2,4.9,2268,87816,78294,11114,21181,4299,433,2252,10593,7503,14740,0.271,0.338,0.423,0.761,33102
2006,AL,14,488,29.1,4.97,2268,87676,78497,11262,21572,4301,391,2546,10743,7247,14229,0.275,0.339,0.437,0.776,34293
2005,AL,14,487,29,4.76,2268,86968,78215,10790,20933,4109,420,2437,10266,6811,13764,0.268,0.33,0.424,0.755,33193
2004,AL,14,499,29.2,5.01,2266,88332,78731,11358,21251,4232,404,2605,10814,7486,14529,0.27,0.338,0.433,0.771,34106
2003,AL,14,494,28.7,4.86,2270,87630,78311,11033,20931,4170,443,2499,10505,7223,13805,0.267,0.333,0.428,0.761,33484
2002,AL,14,483,28.8,4.81,2264,87174,77788,10892,20519,4218,433,2464,10371,7325,14233,0.264,0.331,0.424,0.755,32995
2001,AL,14,496,29,4.86,2266,87523,78134,11013,20852,4200,440,2506,10508,7239,14496,0.267,0.334,0.428,0.762,33450
2000,AL,14,495,29.1,5.3,2265,89007,78547,11995,21652,4269,420,2688,11418,8502,14012,0.276,0.349,0.443,0.792,34825
1999,AL,14,492,28.8,5.18,2265,88424,78126,11725,21447,4121,419,2635,11140,8289,13966,0.275,0.347,0.439,0.786,34311
1998,AL,14,488,29.3,5.01,2268,88175,78416,11365,21276,4248,408,2499,10767,7737,14438,0.271,0.34,0.432,0.771,33837
1997,AL,14,499,29.1,4.93,2264,88167,78235,11164,21171,4097,398,2477,10592,7962,14617,0.271,0.34,0.428,0.768,33495
1996,AL,14,345,28.9,5.39,2266,89734,79090,12208,21922,4205,421,2742,11583,8592,14056,0.277,0.35,0.445,0.795,35195
1995,AL,14,341,29,5.06,2020,78878,69522,10225,18791,3591,406,2164,9691,7572,12116,0.27,0.344,0.427,0.771,29686
1994,AL,14,291,29.1,5.23,1594,62553,55198,8330,15048,2939,325,1774,7885,5938,9619,0.273,0.345,0.434,0.779,23959
1993,AL,14,352,28.9,4.71,2268,87579,77506,10674,20661,3861,427,2074,10063,8006,12952,0.267,0.337,0.408,0.745,31598
1992,AL,14,334,28.6,4.32,2268,86887,77147,9802,20006,3596,386,1776,9222,7704,12196,0.259,0.328,0.385,0.713,29702
1991,AL,14,351,28.5,4.49,2268,87305,77603,10172,20195,3680,453,1953,9610,7730,12944,0.26,0.329,0.395,0.724,30640
1990,AL,14,335,28.6,4.3,2266,86327,76800,9746,19900,3559,460,1796,9154,7631,12689,0.259,0.327,0.388,0.715,29767
1989,AL,14,348,28.5,4.29,2266,86204,77004,9732,20078,3404,457,1718,9103,7277,12296,0.261,0.326,0.384,0.709,29550
1988,AL,14,327,28.5,4.36,2262,86121,77005,9858,19967,3558,425,1901,9179,7191,12323,0.259,0.324,0.391,0.715,30078
1987,AL,14,339,28.4,4.9,2268,87401,77819,11112,20620,3667,461,2634,10480,7812,13442,0.265,0.333,0.425,0.759,33111
1986,AL,14,330,28.9,4.61,2268,86852,77376,10449,20237,3520,468,2290,9839,7667,13058,0.262,0.33,0.408,0.737,31563
1985,AL,14,325,29,4.56,2264,86457,77257,10317,20182,3562,528,2178,9737,7465,11777,0.261,0.327,0.406,0.733,31334
1984,AL,14,325,28.8,4.42,2268,86858,77910,10027,20539,3443,534,1980,9445,7171,11571,0.264,0.326,0.398,0.724,30990
1983,AL,14,332,28.8,4.48,2270,86693,77821,10177,20662,3710,549,1903,9621,7094,10967,0.266,0.328,0.401,0.728,31179
1982,AL,14,313,28.8,4.48,2270,87002,77886,10163,20566,3493,519,2080,9585,7338,10921,0.264,0.328,0.402,0.73,31337
1981,AL,14,307,28.7,4.07,1500,56868,50813,6112,13016,2119,305,1062,5763,4761,6905,0.256,0.321,0.373,0.693,18931
1980,AL,14,337,28,4.51,2264,87150,77888,10201,20958,3489,553,1844,9574,7221,10363,0.269,0.331,0.399,0.731,31085
1979,AL,14,315,27.8,4.67,2256,86262,76704,10527,20682,3529,548,2006,9908,7413,10115,0.27,0.334,0.408,0.743,31325
1978,AL,14,322,27.5,4.2,2262,85874,76411,9509,19952,3325,538,1680,8888,7287,10153,0.261,0.326,0.385,0.711,29393
1977,AL,14,334,27.5,4.53,2262,86642,77275,10247,20572,3408,644,2013,9610,7270,11234,0.266,0.33,0.405,0.735,31307
1976,AL,12,296,27.5,4.01,1934,73665,65711,7753,16820,2588,467,1122,7185,6128,9143,0.256,0.32,0.361,0.681,23708
1975,AL,12,313,27.5,4.3,1926,73788,65371,8281,16861,2662,429,1465,7744,6672,9487,0.258,0.328,0.379,0.707,24776
1974,AL,12,303,27.7,4.1,1946,73904,66044,7976,17062,2564,400,1369,7428,6135,9524,0.258,0.323,0.371,0.694,24533
1973,AL,12,300,28,4.28,1944,74430,66276,8314,17193,2624,404,1552,7769,6647,9851,0.259,0.328,0.381,0.71,25281
1972,AL,12,432,27.8,3.47,1858,69152,61712,6441,14751,2260,316,1175,6025,5742,10174,0.239,0.306,0.343,0.649,21168
1971,AL,12,422,27.7,3.87,1932,72936,64641,7472,15957,2426,351,1484,6992,6477,10414,0.247,0.317,0.364,0.681,23537
1970,AL,12,428,27.6,4.17,1946,74223,65675,8109,16404,2492,373,1746,7589,6808,10957,0.25,0.322,0.379,0.701,24880
1969,AL,12,440,27.3,4.09,1946,74278,65536,7960,16120,2385,378,1649,7366,7032,10845,0.246,0.321,0.369,0.69,24208
1968,AL,10,351,27.2,3.41,1624,60099,53709,5532,12359,1874,338,1104,5125,4881,9641,0.23,0.297,0.339,0.637,18221
1967,AL,10,368,27.2,3.7,1620,60668,54179,5992,12766,1949,365,1197,5531,4993,9945,0.236,0.303,0.351,0.654,19036
1966,AL,10,360,27.2,3.89,1612,60421,54082,6276,13005,2021,408,1365,5838,4927,9493,0.24,0.306,0.369,0.674,19937
1965,AL,10,365,27.3,3.94,1620,61166,54362,6388,13158,2077,365,1370,5943,5306,9634,0.242,0.311,0.369,0.68,20075
1964,AL,10,352,27.5,4.06,1628,61819,55180,6607,13637,2109,333,1551,6189,5227,9956,0.247,0.315,0.382,0.696,21065
1963,AL,10,356,27.7,4.08,1616,61493,55011,6599,13609,2114,352,1489,6179,5031,9228,0.247,0.312,0.38,0.692,20894
1962,AL,10,369,27.8,4.44,1618,62391,55239,7183,14068,2238,400,1552,6786,5671,8535,0.255,0.325,0.394,0.719,21762
1961,AL,10,359,28.2,4.53,1622,62306,54904,7342,14037,2226,404,1534,6840,5902,8325,0.256,0.329,0.395,0.724,21673
1960,AL,8,293,28.5,4.39,1234,47568,41838,5414,10689,1720,274,1086,5071,4447,5991,0.255,0.328,0.388,0.716,16215
1959,AL,8,296,28.8,4.36,1236,47332,41964,5391,10621,1690,267,1091,5027,4210,6079,0.253,0.323,0.384,0.707,16118
1958,AL,8,286,28.5,4.17,1238,46853,41684,5159,10595,1623,290,1057,4865,4062,6033,0.254,0.322,0.383,0.705,15969
1957,AL,8,284,28.7,4.23,1232,47513,41987,5210,10703,1663,307,1024,4933,4301,5799,0.255,0.326,0.382,0.708,16052
1956,AL,8,288,28.4,4.66,1236,48239,42007,5756,10937,1680,353,1075,5399,5015,5811,0.26,0.341,0.394,0.735,16548
1955,AL,8,323,28.5,4.44,1236,47881,41817,5490,10802,1574,338,961,5145,4804,5385,0.258,0.336,0.381,0.717,15935
1954,AL,8,273,28.4,4.19,1242,47787,41909,5203,10766,1639,386,823,4871,4618,5129,0.257,0.331,0.373,0.704,15646
1953,AL,8,276,28.7,4.46,1236,47763,42358,5512,11117,1816,331,879,5189,4462,4906,0.262,0.336,0.383,0.72,16232
1952,AL,8,284,28.7,4.18,1242,47910,42317,5191,10690,1716,339,794,4869,4630,5140,0.253,0.33,0.365,0.695,15466
1951,AL,8,278,29,4.63,1234,48101,42361,5716,11103,1836,349,839,5327,4882,4589,0.262,0.342,0.381,0.723,16154
1950,AL,8,269,28.8,5.04,1240,48737,42407,6253,11474,1829,423,973,5900,5418,4547,0.271,0.356,0.402,0.759,17068
1949,AL,8,270,28.8,4.67,1236,48207,41669,5776,10961,1737,391,769,5387,5622,4364,0.263,0.353,0.379,0.732,15787
1948,AL,8,261,29,4.72,1236,48311,42155,5840,11212,1846,450,710,5500,5227,4298,0.266,0.349,0.382,0.731,16088
1947,AL,8,266,29.3,4.14,1246,47600,42002,5161,10739,1708,412,679,4818,4743,4628,0.256,0.333,0.364,0.698,15308
1946,AL,8,311,29.6,4.06,1242,47511,42239,5037,10793,1827,401,653,4655,4400,5227,0.256,0.328,0.364,0.692,15381
1945,AL,8,263,30.4,3.9,1224,46766,41624,4774,10634,1674,392,430,4416,4146,4180,0.255,0.325,0.346,0.671,14382
1944,AL,8,259,29.9,4.09,1238,47711,42748,5058,11114,1771,413,459,4656,3949,4239,0.26,0.325,0.353,0.678,15088
1943,AL,8,258,28.7,3.89,1234,47527,42213,4795,10522,1728,369,473,4423,4325,4489,0.249,0.322,0.341,0.663,14407
1942,AL,8,254,27.9,4.26,1222,47124,41955,5211,10785,1797,400,533,4797,4316,4138,0.257,0.329,0.357,0.686,14981
1941,AL,8,268,28,4.74,1244,48667,43125,5902,11492,2066,508,734,5461,4741,4420,0.266,0.341,0.389,0.73,16776
1940,AL,8,250,27.9,4.97,1238,48277,43017,6147,11674,2167,513,883,5693,4494,4720,0.271,0.342,0.407,0.75,17516
1939,AL,8,261,27.7,5.21,1230,48459,42594,6404,11866,2107,498,796,5959,4654,4306,0.279,0.352,0.407,0.759,17357
1938,AL,8,250,28.2,5.37,1226,48278,42500,6581,11935,2133,485,864,6205,4924,4242,0.281,0.358,0.415,0.773,17630
1937,AL,8,251,28.5,5.23,1244,48911,43303,6503,12178,2294,539,806,6064,4776,4448,0.281,0.355,0.415,0.77,17968
1936,AL,8,238,28.4,5.67,1236,49452,43747,7009,12657,2400,548,758,6524,4853,4032,0.289,0.363,0.421,0.784,18427
1935,AL,8,244,28.3,5.09,1222,48519,42999,6219,12033,2212,525,663,5794,4550,3932,0.28,0.351,0.402,0.753,17284
1934,AL,8,252,28.3,5.13,1230,48486,42929,6306,11966,2206,449,688,5870,4608,4282,0.279,0.351,0.399,0.75,17134
1933,AL,8,234,28.3,5,1216,47992,42663,6081,11637,2091,545,607,5658,4365,3916,0.273,0.342,0.39,0.732,16639
1932,AL,8,244,28.3,5.23,1230,48733,43419,6435,12015,2286,570,707,6002,4408,4021,0.277,0.346,0.404,0.75,17562
1931,AL,8,247,28.1,5.14,1236,48699,43673,6354,12163,2320,538,576,5874,4177,4032,0.279,0.344,0.396,0.74,17287
1930,AL,8,256,27.9,5.41,1232,48352,42878,6670,12337,2370,657,673,6160,3963,4086,0.288,0.351,0.421,0.772,18040
1929,AL,8,251,28.1,5.01,1226,47845,42180,6139,11974,2229,597,595,5662,4031,3517,0.284,0.349,0.407,0.756,17182
1928,AL,8,257,28.2,4.77,1234,47726,42144,5881,11835,2202,620,483,5414,3820,3689,0.281,0.344,0.397,0.741,16726
1927,AL,8,259,28.8,4.92,1238,48096,42117,6095,12025,2260,610,439,5568,4034,3398,0.286,0.352,0.399,0.751,16822
1926,AL,8,243,28.5,4.73,1232,47976,41753,5831,11750,2194,568,424,5302,4230,3418,0.281,0.351,0.392,0.743,16352
1925,AL,8,264,28.6,5.19,1232,48652,42573,6400,12419,2217,557,533,5790,4284,3292,0.292,0.36,0.408,0.768,17349
1924,AL,8,272,28.7,4.97,1234,48374,42225,6137,12262,2200,553,397,5535,4148,3235,0.29,0.358,0.397,0.755,16759
1923,AL,8,259,28.3,4.78,1232,48165,42016,5884,11870,2010,554,442,5257,4069,3613,0.283,0.351,0.388,0.739,16314
1922,AL,8,246,28.7,4.74,1236,48057,42296,5863,12034,2033,586,525,5267,3798,3570,0.285,0.348,0.398,0.746,16814
1921,AL,8,250,28.1,5.11,1232,48698,42796,6296,12516,2142,694,477,5649,3941,3579,0.292,0.356,0.408,0.765,17477
1920,AL,8,261,28,4.76,1234,47805,41982,5868,11899,2005,621,369,5120,3804,3615,0.283,0.347,0.387,0.734,16253
1919,AL,8,247,27.9,4.1,1120,42616,37388,4593,10021,1607,531,240,3963,3367,3561,0.268,0.333,0.359,0.692,13410
1918,AL,8,246,27.9,3.64,1016,38297,33535,3703,8502,1204,410,96,3120,3208,3004,0.254,0.323,0.322,0.646,10814
1917,AL,8,250,26.9,3.65,1244,46661,40670,4541,10075,1477,533,133,3830,3856,4192,0.248,0.318,0.32,0.638,13017
1916,AL,8,272,26.9,3.68,1250,46836,40834,4599,10147,1540,552,144,3885,4061,4705,0.248,0.321,0.324,0.645,13223
1915,AL,8,291,26.3,3.96,1242,46506,40304,4921,10005,1409,617,160,4078,4217,4868,0.248,0.325,0.326,0.651,13128
1914,AL,8,281,26.2,3.65,1262,46464,40743,4609,10085,1435,598,148,3796,3920,5111,0.248,0.319,0.323,0.642,13160
1913,AL,8,298,26.3,3.92,1228,45497,39916,4819,10209,1476,621,159,3983,3737,4677,0.256,0.325,0.336,0.661,13404
1912,AL,8,326,26.6,4.45,1238,46508,40886,5506,10825,1591,671,156,4486,3794,5057,0.265,0.333,0.348,0.681,14226
1911,AL,8,279,27.2,4.6,1228,46834,41152,5654,11239,1623,641,198,4623,3559,5073,0.273,0.338,0.358,0.696,14738
1910,AL,8,258,27.4,3.64,1256,46482,40936,4573,9948,1299,568,147,3659,3395,5262,0.243,0.308,0.313,0.621,12824
1909,AL,8,258,28,3.44,1240,45125,39975,4269,9749,1272,500,109,3423,2931,4910,0.244,0.303,0.309,0.612,12348
1908,AL,8,222,28.7,3.44,1244,45433,40601,4280,9702,1279,499,116,3441,2803,4920,0.239,0.294,0.304,0.598,12327
1907,AL,8,210,29,3.65,1234,45408,40967,4506,10135,1322,455,104,3692,2824,4616,0.247,0.302,0.309,0.611,12679
1906,AL,8,204,28.7,3.66,1226,44965,40412,4485,10049,1374,515,137,3733,2802,4583,0.249,0.303,0.318,0.621,12864
1905,AL,8,203,28.9,3.68,1234,45336,40622,4546,9783,1531,479,156,3767,2982,5093,0.241,0.299,0.314,0.613,12740
1904,AL,8,169,29,3.54,1252,45669,41479,4433,10138,1482,610,156,3764,2611,5025,0.244,0.295,0.321,0.616,13308
1903,AL,8,179,28.6,4.1,1108,41057,37434,4543,9553,1549,618,184,3802,2266,4188,0.255,0.303,0.344,0.648,12890
1902,AL,8,189,28.6,4.89,1106,42037,38005,5407,10451,1660,569,258,4576,2815,2720,0.275,0.331,0.369,0.7,14023
1901,AL,8,185,28,5.35,1098,42169,38138,5876,10559,1534,688,228,4794,2780,2730,0.277,0.333,0.371,0.704,14153
2019,NL,15,676,28.3,4.82,1844,70789,63156,8882,16021,3211,294,2531,8542,5980,16098,0.254,0.324,0.434,0.758,27413
2018,NL,15,730,27.9,4.37,2432,92885,82722,10631,20404,3993,457,2685,10116,8049,21001,0.247,0.318,0.403,0.722,33366
2017,NL,15,697,28,4.58,2430,92673,82533,11139,20985,4203,461,2935,10657,8044,20310,0.254,0.325,0.423,0.748,34915
2016,NL,15,717,28.2,4.44,2428,92540,82635,10774,20977,4100,502,2657,10249,7723,19886,0.254,0.322,0.412,0.734,34052
2015,NL,15,713,28.2,4.11,2430,91790,82652,9996,20947,4076,480,2275,9508,7026,19165,0.253,0.316,0.397,0.713,32808
2014,NL,15,671,28.2,3.95,2430,91739,82491,9600,20562,4005,459,2025,9109,6929,19196,0.249,0.312,0.383,0.694,31560
2013,NL,15,673,28.3,4,2430,92116,82690,9730,20768,4039,424,2157,9243,7106,18374,0.251,0.315,0.389,0.703,32126
2012,NL,16,724,28.4,4.22,2592,98064,87814,10929,22283,4453,558,2434,10370,7813,19808,0.254,0.318,0.4,0.718,35154
2011,NL,16,718,28.8,4.13,2590,98763,88119,10691,22263,4394,487,2281,10159,8032,18900,0.253,0.319,0.391,0.71,34474
2010,NL,16,693,28.8,4.33,2592,98809,87886,11211,22423,4470,498,2404,10688,8411,19092,0.255,0.324,0.399,0.723,35101
2009,NL,16,710,28.7,4.43,2590,99541,87884,11481,22741,4606,561,2482,10927,8926,18282,0.259,0.331,0.409,0.739,35915
2008,NL,16,720,28.7,4.54,2588,100001,88595,11741,23071,4729,478,2608,11203,8816,18050,0.26,0.331,0.413,0.744,36580
2007,NL,16,714,29,4.71,2594,100807,89489,12208,23796,4898,505,2705,11664,8576,17449,0.266,0.334,0.423,0.757,37819
2006,NL,16,697,29.2,4.76,2590,100395,88844,12337,23501,4834,561,2840,11748,8600,17426,0.265,0.334,0.427,0.761,37977
2005,NL,16,682,29.4,4.45,2594,99324,88120,11535,23058,4754,468,2580,10982,8396,16880,0.262,0.33,0.414,0.744,36488
2004,NL,16,667,29.4,4.64,2590,100207,88622,12018,23271,4687,494,2846,11434,8736,17299,0.263,0.333,0.423,0.756,37484
2003,NL,16,679,29.5,4.61,2590,99819,88426,11945,23126,4657,491,2708,11381,8666,16996,0.262,0.332,0.417,0.749,36889
2002,NL,16,650,29.5,4.45,2588,99441,87794,11516,22753,4482,488,2595,10961,8921,17161,0.259,0.331,0.41,0.741,35996
2001,NL,16,688,29.3,4.7,2592,99453,88100,12186,23027,4613,488,2952,11580,8567,17908,0.261,0.331,0.425,0.756,37472
2000,NL,16,698,29.1,5,2593,101254,88743,12976,23594,4632,532,3005,12317,9735,17344,0.266,0.342,0.432,0.773,38305
1999,NL,16,647,28.9,5,2591,101268,89011,12966,23880,4619,512,2893,12321,9602,17153,0.268,0.342,0.429,0.771,38202
1998,NL,16,651,28.5,4.6,2596,100105,88700,11932,23213,4493,491,2565,11313,8710,17455,0.262,0.331,0.41,0.741,36383
1997,NL,14,588,28.7,4.6,2268,87374,77203,10440,20300,3907,485,2163,9876,7704,15320,0.263,0.333,0.41,0.744,31666
1996,NL,14,587,28.7,4.68,2268,87527,77711,10623,20398,3782,434,2220,9987,7501,15252,0.262,0.33,0.408,0.738,31708
1995,NL,14,588,28.2,4.63,2014,77825,69049,9329,18184,3367,418,1917,8745,6668,13309,0.263,0.331,0.408,0.739,28138
1994,NL,14,497,28.3,4.62,1606,61930,55068,7422,14695,2784,377,1532,6973,5193,10147,0.267,0.333,0.415,0.747,22829
1993,NL,14,565,28,4.49,2270,86985,77489,10190,20427,3588,513,1956,9533,7104,13358,0.264,0.327,0.399,0.726,30909
1992,NL,12,485,28.2,3.88,1944,73658,65748,7539,16538,2967,459,1262,7060,5978,11342,0.252,0.315,0.368,0.684,24209
1991,NL,12,477,28.4,4.1,1940,73441,65365,7955,16363,2819,441,1430,7438,6254,11446,0.25,0.317,0.373,0.689,24354
1990,NL,12,491,28.3,4.2,1944,73989,65968,8173,16917,2967,405,1521,7650,6221,11164,0.256,0.321,0.383,0.704,25257
1989,NL,12,466,28.4,3.94,1946,73829,65817,7673,16215,2903,411,1365,7126,6251,11354,0.246,0.312,0.365,0.678,24035
1988,NL,12,454,28.1,3.88,1938,73259,65563,7522,16277,2828,415,1279,7040,5793,11032,0.248,0.31,0.363,0.673,23772
1987,NL,12,475,28.2,4.52,1942,74521,66276,8771,17275,3126,435,1824,8233,6577,11657,0.261,0.328,0.404,0.732,26743
1986,NL,12,453,28.5,4.18,1938,74006,65730,8096,16643,2991,387,1523,7557,6560,11648,0.253,0.322,0.38,0.702,24977
1985,NL,12,440,28.7,4.07,1942,73863,65818,7899,16596,2861,437,1424,7392,6373,10674,0.252,0.319,0.374,0.692,24603
1984,NL,12,448,28.5,4.06,1942,73708,65919,7894,16842,2770,451,1278,7333,6149,10929,0.255,0.319,0.369,0.688,24348
1983,NL,12,461,28.5,4.1,1948,73922,65717,7993,16781,2753,484,1398,7446,6424,10749,0.255,0.322,0.376,0.698,24696
1982,NL,12,442,28.5,4.09,1944,74102,66263,7947,17085,2823,445,1299,7434,5964,10300,0.258,0.319,0.373,0.692,24695
1981,NL,12,426,28.4,3.91,1288,49024,43654,5035,11141,1881,354,719,4688,4107,6332,0.255,0.319,0.364,0.683,15887
1980,NL,12,431,28.5,4.03,1946,74060,66272,7852,17186,2856,523,1243,7354,5969,9849,0.259,0.32,0.374,0.695,24817
1979,NL,12,420,28.3,4.22,1942,74116,66088,8186,17229,2886,518,1427,7650,6188,9920,0.261,0.325,0.385,0.709,25432
1978,NL,12,429,27.8,3.99,1942,73318,65156,7742,16556,2861,482,1276,7210,6279,9905,0.254,0.32,0.372,0.692,24209
1977,NL,12,421,27.4,4.4,1944,74905,66700,8556,17465,3033,526,1631,7986,6487,10488,0.262,0.328,0.396,0.724,26443
1976,NL,12,421,27.6,3.98,1944,73933,65814,7739,16778,2652,499,1113,7178,6263,9602,0.255,0.32,0.361,0.681,23767
1975,NL,12,428,27.2,4.13,1942,74833,66102,8014,17002,2781,458,1233,7409,6730,9793,0.257,0.327,0.369,0.696,24398
1974,NL,12,450,27.1,4.15,1944,74951,66212,8070,16907,2642,447,1280,7430,6828,9971,0.255,0.326,0.367,0.693,24283
1973,NL,12,431,27.3,4.15,1942,74364,66087,8062,16817,2600,386,1550,7485,6453,10507,0.254,0.322,0.376,0.698,24839
1972,NL,12,422,27.2,3.91,1860,70816,63116,7265,15683,2392,430,1359,6725,5985,10544,0.248,0.315,0.365,0.68,23012
1971,NL,12,425,27.5,3.91,1944,73769,65903,7601,16590,2505,457,1379,7085,6059,10542,0.252,0.316,0.366,0.683,24146
1970,NL,12,439,27.6,4.52,1942,75109,66465,8771,17151,2743,554,1683,8173,6919,11417,0.258,0.329,0.392,0.721,26051
1969,NL,12,433,27.5,4.05,1946,73923,65751,7890,16461,2455,471,1470,7296,6397,11628,0.25,0.319,0.369,0.688,24268
1968,NL,10,336,27.9,3.43,1626,60728,54913,5577,13351,1995,359,891,5183,4275,9502,0.243,0.3,0.341,0.641,18737
1967,NL,10,373,27.5,3.84,1620,61180,55026,6218,13698,2133,427,1102,5733,4672,9468,0.249,0.31,0.363,0.673,19991
1966,NL,10,364,27.3,4.09,1618,61271,55385,6624,14202,2099,412,1378,6160,4404,9312,0.256,0.313,0.384,0.697,21259
1965,NL,10,352,27.4,4.03,1626,61599,55376,6558,13794,2122,422,1318,6068,4730,9649,0.249,0.311,0.374,0.685,20714
1964,NL,10,361,27.2,4.01,1624,61178,55284,6517,14032,2161,427,1211,6044,4394,9256,0.254,0.311,0.374,0.685,20680
1963,NL,10,359,27.5,3.81,1622,60868,54803,6181,13434,1984,439,1215,5724,4560,9545,0.245,0.306,0.364,0.669,19941
1962,NL,10,351,27.9,4.48,1624,62163,55449,7278,14453,2075,453,1449,6760,5265,9032,0.261,0.327,0.393,0.72,21781
1961,NL,8,279,27.6,4.52,1238,47265,42128,5600,11029,1749,350,1196,5221,3995,6622,0.262,0.327,0.405,0.732,17066
1960,NL,8,300,27.9,4.24,1238,47215,42176,5250,10745,1722,384,1042,4897,3937,6824,0.255,0.319,0.388,0.707,16361
1959,NL,8,298,28.2,4.4,1240,47393,42330,5462,11015,1788,324,1159,5148,3974,6525,0.26,0.325,0.4,0.725,16928
1958,NL,8,312,28.2,4.4,1232,47298,42143,5419,11026,1769,365,1183,5090,4065,6192,0.262,0.328,0.405,0.733,17074
1957,NL,8,292,28.3,4.38,1238,47883,42919,5426,11162,1733,365,1178,5090,3866,6150,0.26,0.322,0.4,0.722,17159
1956,NL,8,281,28.2,4.25,1242,47001,41849,5275,10716,1659,372,1219,4931,3982,5694,0.256,0.321,0.401,0.722,16776
1955,NL,8,291,28,4.53,1232,47150,41773,5578,10808,1677,362,1263,5236,4240,5419,0.259,0.328,0.407,0.735,16998
1954,NL,8,275,27.9,4.56,1232,47753,42027,5624,11142,1816,403,1114,5297,4414,5086,0.265,0.335,0.407,0.742,17106
1953,NL,8,266,28.1,4.75,1244,47660,42639,5914,11342,1777,414,1197,5524,4220,5307,0.266,0.335,0.411,0.747,17538
1952,NL,8,281,28.3,4.17,1236,46919,41878,5158,10582,1672,338,907,4802,4147,5240,0.253,0.323,0.374,0.697,15651
1951,NL,8,277,28.5,4.46,1244,47916,42704,5552,11088,1746,367,1024,5197,4362,4746,0.26,0.331,0.39,0.721,16640
1950,NL,8,270,27.9,4.66,1236,47740,42416,5760,11085,1885,370,1100,5369,4537,5007,0.261,0.336,0.401,0.737,17010
1949,NL,8,271,28.1,4.54,1244,48000,42711,5650,11207,1865,370,935,5255,4405,4587,0.262,0.334,0.389,0.723,16617
1948,NL,8,287,28,4.43,1238,47508,42256,5487,11022,1840,384,845,5089,4396,4718,0.261,0.333,0.383,0.715,16165
1947,NL,8,284,28.7,4.57,1240,47785,42434,5666,11264,1860,392,886,5292,4474,4529,0.265,0.338,0.39,0.729,16566
1946,NL,8,333,28.7,3.96,1242,47580,42094,4916,10762,1752,382,562,4550,4400,4471,0.256,0.329,0.355,0.684,14964
1945,NL,8,290,29.1,4.46,1236,48038,42823,5512,11343,1823,336,577,5084,4153,3865,0.265,0.333,0.364,0.696,15569
1944,NL,8,296,28.8,4.25,1246,47955,42917,5293,11193,1882,395,575,4923,3981,3947,0.261,0.326,0.363,0.689,15590
1943,NL,8,271,28.5,3.94,1242,47584,42488,4892,10945,1739,388,432,4534,4036,4055,0.258,0.324,0.347,0.672,14756
1942,NL,8,265,27.8,3.9,1226,46840,41776,4784,10391,1680,323,538,4390,4077,4187,0.249,0.318,0.343,0.661,14331
1941,NL,8,282,27.8,4.23,1244,47826,42729,5266,11039,1892,359,597,4866,4145,4408,0.258,0.326,0.361,0.688,15440
1940,NL,8,270,27.9,4.39,1234,47635,42986,5421,11328,1934,416,688,5009,3779,4329,0.264,0.326,0.376,0.702,16158
1939,NL,8,278,28.5,4.44,1232,47457,42285,5472,11505,2032,418,649,5082,3824,4195,0.272,0.335,0.386,0.721,16320
1938,NL,8,258,28.5,4.42,1220,47089,42513,5388,11358,1913,450,611,5032,3708,4093,0.267,0.329,0.376,0.705,16004
1937,NL,8,254,28.2,4.51,1234,47248,42660,5567,11591,1922,458,624,5142,3667,4553,0.272,0.332,0.382,0.714,16301
1936,NL,8,246,28.3,4.71,1240,48443,43891,5837,12206,2071,431,606,5405,3565,4203,0.278,0.335,0.386,0.722,16957
1935,NL,8,249,28.1,4.71,1234,47687,43438,5806,12041,2053,462,662,5368,3284,4072,0.277,0.331,0.391,0.722,17004
1934,NL,8,240,28.8,4.68,1216,47084,42982,5695,11996,2108,433,656,5349,3247,4150,0.279,0.333,0.394,0.727,16938
1933,NL,8,231,29,3.97,1236,46651,42559,4908,11332,1854,422,460,4555,2979,3528,0.266,0.317,0.362,0.679,15410
1932,NL,8,248,28.7,4.6,1236,47865,43763,5680,12091,2293,502,651,5285,3141,3857,0.276,0.328,0.396,0.724,17341
1931,NL,8,247,28.8,4.48,1236,47429,42941,5537,11883,2188,532,493,5174,3502,3862,0.277,0.334,0.387,0.721,16614
1930,NL,8,240,28.5,5.68,1236,48910,43693,7025,13260,2386,625,892,6582,3691,3848,0.303,0.36,0.448,0.808,19572
1929,NL,8,262,28.7,5.36,1232,48516,43030,6609,12668,2253,569,754,6131,3961,3465,0.294,0.357,0.426,0.783,18321
1928,NL,8,251,28.6,4.7,1228,47917,42336,5769,11901,2021,518,610,5332,3848,3410,0.281,0.344,0.397,0.741,16788
1927,NL,8,257,29,4.58,1234,47506,42344,5651,11935,1888,540,483,5189,3413,3491,0.282,0.339,0.386,0.725,16352
1926,NL,8,262,28.7,4.54,1236,47206,42009,5612,11755,1948,589,439,5162,3473,3359,0.28,0.338,0.386,0.724,16198
1925,NL,8,263,28.6,5.06,1224,47629,42859,6195,12495,2120,614,636,5634,3460,3373,0.292,0.348,0.414,0.762,17751
1924,NL,8,258,28.4,4.54,1228,47017,42445,5581,12009,1881,622,499,5067,3216,3408,0.283,0.337,0.392,0.729,16631
1923,NL,8,257,28.3,4.85,1234,48089,43216,5987,12348,1912,588,538,5407,3494,3408,0.286,0.343,0.395,0.737,17050
1922,NL,8,253,28.4,5,1240,48160,43050,6194,12579,1911,662,530,5541,3455,3380,0.292,0.348,0.404,0.753,17404
1921,NL,8,245,28.2,4.59,1226,46960,42376,5632,12266,1839,670,460,5060,2906,3380,0.289,0.338,0.397,0.736,16825
1920,NL,8,237,28.3,3.97,1234,46899,42197,4893,11376,1604,644,261,4225,3016,3632,0.27,0.322,0.357,0.679,15051
1919,NL,8,235,28.4,3.65,1116,41368,37284,4072,9603,1315,517,207,3460,2615,3288,0.258,0.311,0.337,0.648,12573
1918,NL,8,246,28.2,3.62,1016,37739,33780,3682,8583,1119,475,139,3096,2541,2921,0.254,0.311,0.328,0.638,11069
1917,NL,8,244,27.7,3.53,1250,46062,41385,4408,10316,1432,605,202,3757,3054,4488,0.249,0.305,0.328,0.633,13564
1916,NL,8,258,27.7,3.45,1244,45716,41090,4290,10138,1455,589,239,3648,3015,4829,0.247,0.303,0.328,0.632,13488
1915,NL,8,233,27.6,3.62,1248,45893,40888,4522,10140,1555,572,225,3789,3266,4728,0.248,0.309,0.331,0.64,13514
1914,NL,8,260,27.3,3.84,1250,46198,40846,4798,10254,1510,543,267,4064,3600,4655,0.251,0.317,0.334,0.651,13651
1913,NL,8,286,27.4,4.15,1240,46395,41301,5142,10812,1594,644,311,4367,3530,4606,0.262,0.325,0.354,0.679,14627
1912,NL,8,283,27,4.62,1226,46738,41153,5659,11214,1762,684,286,4903,3889,4627,0.272,0.34,0.369,0.71,15202
1911,NL,8,264,27.1,4.42,1246,47213,41107,5506,10675,1642,682,316,4695,4279,4798,0.26,0.335,0.356,0.691,14629
1910,NL,8,254,27.1,4.03,1242,46552,40615,5004,10384,1516,592,214,4199,4024,4415,0.256,0.328,0.338,0.666,13726
1909,NL,8,250,27.2,3.65,1242,46201,40638,4528,9908,1387,503,150,3702,3574,4467,0.244,0.31,0.314,0.624,12751
1908,NL,8,219,28.4,3.33,1244,45298,40078,4137,9577,1244,502,151,3381,3057,4158,0.239,0.299,0.306,0.605,12278
1907,NL,8,211,28.3,3.4,1232,44338,39337,4184,9566,1148,505,140,3383,3277,4220,0.243,0.308,0.309,0.616,12144
1906,NL,8,209,28.5,3.57,1230,44692,39649,4389,9693,1258,489,124,3546,3367,4527,0.244,0.31,0.31,0.62,12301
1905,NL,8,188,28.4,4.1,1240,46016,41219,5089,10515,1327,641,182,4169,3207,4430,0.255,0.315,0.332,0.647,13670
1904,NL,8,198,27.9,3.91,1246,45395,41009,4869,10225,1369,544,175,3827,2969,4274,0.249,0.306,0.322,0.628,13207
1903,NL,8,199,28.1,4.77,1120,42492,38005,5345,10223,1485,543,151,4342,3103,3711,0.269,0.331,0.349,0.679,13247
1902,NL,8,228,28,3.98,1128,42236,38275,4490,9899,1172,414,96,3682,2627,3910,0.259,0.313,0.318,0.631,12187
1901,NL,8,199,28.2,4.63,1122,42903,38967,5197,10398,1397,550,227,4342,2685,4246,0.267,0.321,0.348,0.669,13576
1900,NL,8,188,28.5,5.21,1138,43485,39132,5932,10925,1432,607,254,4924,3034,2681,0.279,0.339,0.366,0.705,14333
1899,NL,12,310,27.9,5.24,1846,70016,62846,9672,17741,2201,1011,352,7997,4979,3849,0.282,0.343,0.366,0.71,23020
1898,NL,12,299,28.1,4.96,1842,69964,62661,9129,16955,2088,900,299,7630,5092,4223,0.271,0.334,0.347,0.681,21740
1897,NL,12,263,28.1,5.88,1622,63272,56663,9536,16522,2322,964,368,8014,4729,3729,0.292,0.354,0.386,0.74,21876
1896,NL,12,272,28.1,6.04,1584,62230,55577,9560,16141,2166,1006,404,8045,4854,3523,0.29,0.354,0.387,0.742,21531
1895,NL,12,284,27.9,6.58,1598,63573,56788,10514,16827,2414,997,488,8806,5120,3621,0.296,0.361,0.4,0.761,22699
1894,NL,12,264,27.8,7.38,1598,65205,57577,11796,17809,2753,1300,629,9983,5870,3333,0.309,0.379,0.435,0.814,25049
1893,NL,12,260,27.8,6.57,1570,63680,56898,10315,15913,2197,1047,460,8556,6143,3341,0.28,0.356,0.379,0.736,21584
1892,NL,12,265,27.5,5.1,1842,70615,63876,9388,15643,2007,1010,417,7360,6178,5972,0.245,0.317,0.328,0.644,20921
1891,NL,8,173,27.5,5.54,1104,43204,38998,6114,9844,1388,610,294,4975,3804,3641,0.252,0.325,0.342,0.667,13334
1890,NL,8,180,26.5,5.58,1078,41789,37587,6010,9538,1376,586,257,4597,3773,3581,0.254,0.329,0.342,0.671,12857
1889,NL,8,159,27.5,5.84,1062,41452,37538,6203,9986,1522,465,371,4988,3612,3492,0.266,0.335,0.361,0.696,13551
1888,NL,8,172,27.1,4.54,1088,39867,37456,4937,8943,1200,509,333,3772,2093,3998,0.239,0.285,0.325,0.609,12160
1887,NL,8,160,27.1,6.09,1016,38862,35812,6183,9624,1450,711,383,4899,2733,2821,0.269,0.326,0.381,0.707,13645
1886,NL,8,157,27.2,5.24,990,36369,33997,5185,8524,1340,506,249,3870,2372,4248,0.251,0.3,0.342,0.641,11623
1885,NL,8,172,26.9,4.95,890,32968,31123,4407,7516,1167,412,174,3094,1845,3337,0.241,0.284,0.322,0.606,10029
1884,NL,8,166,26.5,5.5,914,34508,32687,5028,8071,1216,425,321,3529,1821,4335,0.247,0.287,0.34,0.626,11100
1883,NL,8,130,26.7,5.78,790,30133,29012,4565,7611,1527,468,124,3188,1121,2877,0.262,0.29,0.36,0.65,10446
1882,NL,8,121,26.2,5.41,676,25729,24769,3657,6225,1071,404,126,2679,960,2159,0.251,0.279,0.342,0.622,8482
1881,NL,8,120,25.7,5.1,672,25410,24377,3425,6339,1068,304,76,2488,1033,1784,0.26,0.29,0.338,0.628,8243
1880,NL,8,127,24.8,4.69,680,25041,24301,3191,5946,980,328,62,2223,740,1993,0.245,0.267,0.32,0.587,7768
1879,NL,8,119,24.7,5.31,642,24663,24155,3409,6171,958,317,58,2357,508,1843,0.255,0.271,0.329,0.599,7937
1878,NL,6,77,24.7,5.17,368,14008,13644,1904,3539,481,132,23,1331,364,1081,0.259,0.279,0.319,0.598,4353
1877,NL,6,92,25.9,5.67,360,14012,13667,2040,3705,431,204,24,1410,345,726,0.271,0.289,0.338,0.627,4616
1876,NL,8,121,25.3,5.9,520,20457,20121,3066,5338,633,181,40,1984,336,589,0.265,0.277,0.321,0.598,6453