Year,League,Name,Age,Team,G,PA,AB,R,H,2B,3B,HR,RBI,BB,SO,Hits/AB,OBP,SLG,OPS,TB
1998,AL,Roberto Alomar,30,BAL,147,657,588,86,166,36,1,14,56,59,70,0.282,0.347,0.418,0.765,246
1998,AL,Sandy Alomar,32,CLE,117,438,409,45,96,26,2,6,44,18,45,0.235,0.27,0.352,0.622,144
1998,AL,Mike Cameron,25,CHW,141,443,396,53,83,16,5,8,43,37,101,0.21,0.285,0.336,0.621,133
1998,AL,Jose Canseco,33,TOR,151,658,583,98,138,26,0,46,107,65,159,0.237,0.318,0.518,0.836,302
1998,AL,Frank Catalanotto,24,DET,89,234,213,23,60,13,2,6,25,12,39,0.282,0.325,0.446,0.771,95
1998,AL,Eric Chavez,20,OAK,16,48,45,6,14,4,1,0,6,3,5,0.311,0.354,0.444,0.799,20
1998,AL,Johnny Damon,24,KCR,161,710,642,104,178,30,10,18,66,58,84,0.277,0.339,0.439,0.779,282
1998,AL,Carlos Delgado,26,TOR,142,620,530,94,155,43,1,38,115,73,139,0.292,0.385,0.592,0.978,314
1998,AL,Nomar Garciaparra,24,BOS,143,652,604,111,195,37,8,35,122,33,62,0.323,0.362,0.584,0.946,353
1998,AL,Jason Giambi,27,OAK,153,657,562,92,166,28,0,27,110,81,102,0.295,0.384,0.489,0.873,275
1998,AL,Troy Glaus,21,ANA,48,182,165,19,36,9,0,1,23,15,51,0.218,0.28,0.291,0.571,48
1998,AL,Juan Gonzalez,28,TEX,154,669,606,110,193,50,2,45,157,46,126,0.318,0.366,0.63,0.997,382
1998,AL,Luis Gonzalez,30,DET,154,620,547,84,146,35,5,23,71,57,62,0.267,0.34,0.475,0.816,260
1998,AL,Shawn Green,25,TOR,158,689,630,106,175,33,4,35,100,50,142,0.278,0.334,0.51,0.844,321
1998,AL,Jerry Hairston,22,BAL,6,7,7,2,0,0,0,0,0,0,1,0,0,0,0,0
1998,AL,Derek Lowe,25,BOS,2,5,4,0,0,0,0,0,0,1,3,0,0.2,0,0.2,0
1998,AL,Trot Nixon,24,BOS,13,28,27,3,7,1,0,0,0,1,3,0.259,0.286,0.296,0.582,8
1998,AL,Magglio Ordonez,24,CHW,145,578,535,70,151,25,2,14,65,28,53,0.282,0.326,0.415,0.741,222
1998,AL,David Ortiz,22,MIN,86,326,278,47,77,20,0,9,46,39,72,0.277,0.371,0.446,0.817,124
1998,AL,Rafael Palmeiro,33,BAL,162,709,619,98,183,36,1,43,121,79,91,0.296,0.379,0.565,0.945,350
1998,AL,Manny Ramirez,26,CLE,150,663,571,108,168,35,2,45,145,76,121,0.294,0.377,0.599,0.976,342
1998,AL,Alex Rodriguez,22,SEA,161,748,686,123,213,35,5,42,124,45,121,0.31,0.36,0.56,0.919,384
1998,AL,Ivan Rodriguez,26,TEX,145,617,579,88,186,40,4,21,91,32,88,0.321,0.358,0.513,0.871,297
1998,AL,Benito Santiago,33,TOR,15,30,29,3,9,5,0,0,4,1,6,0.31,0.333,0.483,0.816,14
1998,AL,Richie Sexson,23,CLE,49,183,174,28,54,14,1,11,35,6,42,0.31,0.344,0.592,0.936,103
1998,AL,Scott Spiezio,25,OAK,114,461,406,54,105,19,1,9,50,44,56,0.259,0.333,0.377,0.709,153
1998,AL,Fernando Tatis,23,TEX,95,350,330,41,89,17,2,3,32,12,66,0.27,0.303,0.361,0.664,119
1998,AL,Miguel Tejada,24,OAK,105,407,365,53,85,20,1,11,45,28,86,0.233,0.298,0.384,0.681,140
1998,AL,Craig Wilson,27,CHW,13,53,47,14,22,5,0,3,10,3,6,0.468,0.49,0.766,1.256,36
1998,AL,Randy Winn,24,TBD,109,379,338,51,94,9,9,1,17,29,69,0.278,0.337,0.367,0.704,124
1998,NL,Bobby Abreu,24,PHI,151,589,497,68,155,29,6,17,74,84,133,0.312,0.409,0.497,0.906,247
1998,NL,Moises Alou,31,HOU,159,679,584,104,182,34,5,38,124,84,87,0.312,0.399,0.582,0.981,340
1998,NL,Rich Aurilia,26,SFG,122,453,413,54,110,27,2,9,49,31,62,0.266,0.319,0.407,0.726,168
1998,NL,Adrian Beltre,19,LAD,77,214,195,18,42,9,0,7,22,14,37,0.215,0.278,0.369,0.648,72
1998,NL,Barry Bonds,33,SFG,156,697,552,120,167,44,7,37,122,130,92,0.303,0.438,0.609,1.047,336
1998,NL,Aaron Boone,25,CIN,58,206,181,24,51,13,2,2,28,15,36,0.282,0.35,0.409,0.759,74
1998,NL,Bret Boone,29,CIN,157,648,583,76,155,38,1,24,95,48,104,0.266,0.324,0.458,0.782,267
1998,NL,Jeromy Burnitz,29,MIL,161,691,609,92,160,28,1,38,125,70,158,0.263,0.339,0.499,0.838,304
1998,NL,Roger Cedeno,23,LAD,105,271,240,33,58,11,1,2,17,27,57,0.242,0.317,0.321,0.638,77
1998,NL,Carl Everett,27,HOU,133,519,467,72,138,34,4,15,76,44,102,0.296,0.359,0.482,0.84,225
1998,NL,Cliff Floyd,25,FLA,153,641,588,85,166,45,3,22,90,47,112,0.282,0.337,0.481,0.818,283
1998,NL,Andres Galarraga,37,ATL,153,648,555,103,169,27,1,44,121,63,146,0.305,0.397,0.595,0.991,330
1998,NL,Freddy Garcia,25,PIT,56,193,172,27,44,11,1,9,26,18,45,0.256,0.332,0.488,0.82,84
1998,NL,Jose Guillen,22,PIT,153,605,573,60,153,38,2,14,84,21,100,0.267,0.298,0.414,0.712,237
1998,NL,Todd Helton,24,COL,152,595,530,78,167,37,1,25,97,53,54,0.315,0.38,0.53,0.911,281
1998,NL,Geoff Jenkins,23,MIL,84,285,262,33,60,12,1,9,28,20,61,0.229,0.288,0.385,0.673,101
1998,NL,Ryan Klesko,27,ATL,129,491,427,69,117,29,1,18,70,56,66,0.274,0.359,0.473,0.832,202
1998,NL,Derrek Lee,22,FLA,141,513,454,62,106,29,1,17,74,47,120,0.233,0.318,0.414,0.732,188
1998,NL,Paul Lo Duca,26,LAD,6,14,14,2,4,1,0,0,1,0,1,0.286,0.286,0.357,0.643,5
1998,NL,Mark McGwire,34,STL,155,681,509,130,152,21,0,70,147,162,155,0.299,0.47,0.752,1.222,383
1998,NL,Raul Mondesi,27,LAD,148,617,580,85,162,26,5,30,90,30,112,0.279,0.316,0.497,0.813,288
1998,NL,Aramis Ramirez,20,PIT,72,275,251,23,59,9,1,6,24,18,72,0.235,0.296,0.351,0.646,88
1998,NL,Gary Sheffield,29,FLA,40,166,136,21,37,11,1,6,28,26,16,0.272,0.392,0.5,0.892,68
1998,NL,Gary Sheffield,29,LAD,90,383,301,52,95,16,1,16,57,69,30,0.316,0.444,0.535,0.979,161
1998,NL,Sammy Sosa,29,CHC,159,722,643,134,198,20,0,66,158,73,171,0.308,0.377,0.647,1.024,416
1998,NL,Fernando Tatis,23,STL,55,229,202,28,58,16,2,8,26,24,57,0.287,0.367,0.505,0.872,102
1998,NL,Dmitri Young,24,CIN,144,590,536,81,166,48,1,14,83,47,94,0.31,0.364,0.481,0.846,258
1999,AL,Roberto Alomar,31,CLE,159,694,563,138,182,40,3,24,120,99,96,0.323,0.422,0.533,0.955,300
1999,AL,Sandy Alomar,33,CLE,37,144,137,19,42,13,0,6,25,4,23,0.307,0.322,0.533,0.855,73
1999,AL,Casey Blake,25,TOR,14,41,39,6,10,2,0,1,1,2,7,0.256,0.293,0.385,0.677,15
1999,AL,Jose Canseco,34,TBD,113,502,430,75,120,18,1,34,95,58,135,0.279,0.369,0.563,0.931,242
1999,AL,Frank Catalanotto,25,DET,100,315,286,41,79,19,0,11,35,15,49,0.276,0.327,0.458,0.785,131
1999,AL,Eric Chavez,21,OAK,115,402,356,47,88,21,2,13,50,46,56,0.247,0.333,0.427,0.76,152
1999,AL,Johnny Damon,25,KCR,145,660,583,101,179,39,9,14,77,67,50,0.307,0.379,0.477,0.856,278
1999,AL,Carlos Delgado,27,TOR,152,681,573,113,156,39,0,44,134,86,141,0.272,0.377,0.571,0.948,327
1999,AL,Freddy Garcia,22,SEA,3,6,4,0,1,0,0,0,1,0,1,0.25,0.25,0.25,0.5,1
1999,AL,Nomar Garciaparra,25,BOS,135,595,532,103,190,42,4,27,104,51,39,0.357,0.418,0.603,1.022,321
1999,AL,Jason Giambi,28,OAK,158,695,575,115,181,36,1,33,123,105,106,0.315,0.422,0.553,0.975,318
1999,AL,Troy Glaus,22,ANA,154,631,551,85,132,29,0,29,79,71,143,0.24,0.331,0.45,0.781,248
1999,AL,Juan Gonzalez,29,TEX,144,629,562,114,183,36,1,39,128,51,105,0.326,0.378,0.601,0.98,338
1999,AL,Shawn Green,26,TOR,153,696,614,134,190,45,0,42,123,66,117,0.309,0.384,0.588,0.972,361
1999,AL,Jose Guillen,23,TBD,47,186,168,24,41,10,0,2,13,10,36,0.244,0.312,0.339,0.651,57
1999,AL,Jerry Hairston,23,BAL,50,193,175,26,47,12,1,4,17,11,24,0.269,0.323,0.417,0.74,73
1999,AL,Derek Lowe,26,BOS,5,0,0,0,0,0,0,0,0,0,0,,,,,0
1999,AL,Trot Nixon,25,BOS,124,447,381,67,103,22,5,15,52,53,75,0.27,0.357,0.472,0.83,180
1999,AL,Magglio Ordonez,25,CHW,157,677,624,100,188,34,3,30,117,47,64,0.301,0.349,0.51,0.858,318
1999,AL,David Ortiz,23,MIN,10,25,20,1,0,0,0,0,0,5,12,0,0.2,0,0.2,0
1999,AL,Rafael Palmeiro,34,TEX,158,674,565,96,183,30,1,47,148,97,69,0.324,0.42,0.63,1.05,356
1999,AL,Manny Ramirez,27,CLE,147,640,522,131,174,34,3,44,165,96,131,0.333,0.442,0.663,1.105,346
1999,AL,Alex Rodriguez,23,SEA,129,572,502,110,143,25,0,42,111,56,109,0.285,0.357,0.586,0.943,294
1999,AL,Ivan Rodriguez,27,TEX,144,630,600,116,199,29,1,35,113,24,64,0.332,0.356,0.558,0.914,335
1999,AL,Richie Sexson,24,CLE,134,525,479,72,122,17,7,31,116,34,117,0.255,0.305,0.514,0.818,246
1999,AL,Alfonso Soriano,23,NYY,9,8,8,2,1,0,0,1,1,0,3,0.125,0.125,0.5,0.625,4
1999,AL,Scott Spiezio,26,OAK,89,283,247,31,60,24,0,8,33,29,36,0.243,0.324,0.437,0.761,108
1999,AL,Miguel Tejada,25,OAK,159,674,593,93,149,33,4,21,84,57,94,0.251,0.325,0.427,0.751,253
1999,AL,Vernon Wells,20,TOR,24,92,88,8,23,5,0,1,8,4,18,0.261,0.293,0.352,0.646,31
1999,AL,Craig Wilson,28,CHW,98,282,252,28,60,8,1,4,26,23,22,0.238,0.301,0.325,0.626,82
1999,AL,Randy Winn,25,TBD,79,324,303,44,81,16,4,2,24,17,63,0.267,0.307,0.366,0.673,111
1999,NL,Bobby Abreu,25,PHI,152,662,546,118,183,35,11,20,93,109,113,0.335,0.446,0.549,0.995,300
1999,NL,Tony Armas,21,MON,1,2,2,0,0,0,0,0,0,0,1,0,0,0,0,0
1999,NL,Rich Aurilia,27,SFG,152,614,558,68,157,23,1,22,80,43,71,0.281,0.336,0.444,0.78,248
1999,NL,Adrian Beltre,20,LAD,152,614,538,84,148,27,5,15,67,61,105,0.275,0.352,0.428,0.78,230
1999,NL,Barry Bonds,34,SFG,102,434,355,91,93,20,2,34,83,73,62,0.262,0.389,0.617,1.006,219
1999,NL,Aaron Boone,26,CIN,139,521,472,56,132,26,5,14,72,30,79,0.28,0.33,0.445,0.775,210
1999,NL,Bret Boone,30,ATL,152,671,608,102,153,38,1,20,63,47,112,0.252,0.31,0.416,0.726,253
1999,NL,Jeromy Burnitz,30,MIL,130,580,467,87,126,33,2,33,103,91,124,0.27,0.402,0.561,0.963,262
1999,NL,Mike Cameron,26,CIN,146,636,542,93,139,34,9,21,66,80,145,0.256,0.357,0.469,0.825,254
1999,NL,Roger Cedeno,24,NYM,155,525,453,90,142,23,4,4,36,60,100,0.313,0.396,0.408,0.804,185
1999,NL,Carl Everett,28,HOU,123,535,464,86,151,33,3,25,108,50,94,0.325,0.398,0.571,0.969,265
1999,NL,Cliff Floyd,26,FLA,69,285,251,37,76,19,1,11,49,30,47,0.303,0.379,0.518,0.897,130
1999,NL,Freddy Garcia,26,PIT,55,135,130,16,30,5,0,6,23,4,41,0.231,0.252,0.408,0.66,53
1999,NL,Freddy Garcia,26,ATL,2,3,2,1,1,0,0,1,1,1,1,0.5,0.667,2,2.667,4
1999,NL,Luis Gonzalez,31,ARI,153,693,614,112,206,45,4,26,111,66,63,0.336,0.403,0.549,0.952,337
1999,NL,Jose Guillen,23,PIT,40,132,120,18,32,6,0,1,18,10,21,0.267,0.321,0.342,0.662,41
1999,NL,Todd Helton,25,COL,159,657,578,114,185,39,5,35,113,68,77,0.32,0.395,0.587,0.981,339
1999,NL,Geoff Jenkins,24,MIL,135,493,447,70,140,43,3,21,82,35,87,0.313,0.371,0.564,0.935,252
1999,NL,Ryan Klesko,28,ATL,133,466,404,55,120,28,2,21,80,53,69,0.297,0.376,0.532,0.908,215
1999,NL,Derrek Lee,23,FLA,70,236,218,21,45,9,1,5,20,17,70,0.206,0.263,0.326,0.588,71
1999,NL,Paul Lo Duca,27,LAD,36,110,95,11,22,1,0,3,11,10,9,0.232,0.312,0.337,0.649,32
1999,NL,Gary Matthews,24,SDP,23,45,36,4,8,0,0,0,7,9,9,0.222,0.378,0.222,0.6,8
1999,NL,Mark McGwire,35,STL,153,661,521,118,145,21,1,65,147,133,141,0.278,0.424,0.697,1.12,363
1999,NL,Raul Mondesi,28,LAD,159,680,601,98,152,29,5,33,99,71,134,0.253,0.332,0.483,0.815,290
1999,NL,Melvin Mora,27,NYM,66,39,31,6,5,0,0,0,1,4,7,0.161,0.278,0.161,0.439,5
1999,NL,Aramis Ramirez,21,PIT,18,64,56,2,10,2,1,0,7,6,9,0.179,0.254,0.25,0.504,14
1999,NL,Benito Santiago,34,CHC,109,386,350,28,87,18,3,7,36,32,71,0.249,0.313,0.377,0.691,132
1999,NL,Gary Sheffield,30,LAD,152,663,549,103,165,20,0,34,101,101,64,0.301,0.407,0.523,0.93,287
1999,NL,Dan Smith,23,MON,19,30,24,3,2,0,0,0,1,3,15,0.083,0.185,0.083,0.269,2
1999,NL,Sammy Sosa,30,CHC,162,712,625,114,180,24,2,63,141,78,171,0.288,0.367,0.635,1.002,397
1999,NL,Fernando Tatis,24,STL,149,639,537,104,160,31,2,34,107,82,128,0.298,0.404,0.553,0.957,297
1999,NL,Dmitri Young,25,CIN,127,409,373,63,112,30,2,14,56,30,71,0.3,0.352,0.504,0.856,188
2000,AL,Roberto Alomar,32,CLE,155,697,610,111,189,40,2,19,89,64,82,0.31,0.378,0.475,0.853,290
2000,AL,Sandy Alomar,34,CLE,97,384,356,44,103,16,2,7,42,16,41,0.289,0.324,0.404,0.728,144
2000,AL,Casey Blake,26,MIN,7,21,16,1,3,2,0,0,1,3,7,0.188,0.333,0.313,0.646,5
2000,AL,Eric Byrnes,24,OAK,10,11,10,5,3,0,0,0,0,0,1,0.3,0.364,0.3,0.664,3
2000,AL,Mike Cameron,27,SEA,155,643,543,96,145,28,4,19,78,78,133,0.267,0.365,0.438,0.803,238
2000,AL,Jose Canseco,35,TBD,61,264,218,31,56,15,0,9,30,41,65,0.257,0.383,0.45,0.832,98
2000,AL,Jose Canseco,35,NYY,37,137,111,16,27,3,0,6,19,23,37,0.243,0.365,0.432,0.797,48
2000,AL,Frank Catalanotto,26,TEX,103,326,282,55,82,13,2,10,42,33,36,0.291,0.375,0.457,0.832,129
2000,AL,Eric Chavez,22,OAK,153,569,501,89,139,23,4,26,86,62,94,0.277,0.355,0.495,0.85,248
2000,AL,Johnny Damon,26,KCR,159,741,655,136,214,42,10,16,88,65,60,0.327,0.382,0.495,0.877,324
2000,AL,Carlos Delgado,28,TOR,162,711,569,115,196,57,1,41,137,123,104,0.344,0.47,0.664,1.134,378
2000,AL,Carl Everett,29,BOS,137,561,496,82,149,32,4,34,108,52,113,0.3,0.373,0.587,0.959,291
2000,AL,Freddy Garcia,23,SEA,2,6,3,0,2,0,0,0,0,0,0,0.667,0.667,0.667,1.333,2
2000,AL,Nomar Garciaparra,26,BOS,140,599,529,104,197,51,3,21,96,61,50,0.372,0.434,0.599,1.033,317
2000,AL,Jason Giambi,29,OAK,152,664,510,108,170,29,1,43,137,137,96,0.333,0.476,0.647,1.123,330
2000,AL,Troy Glaus,23,ANA,159,678,563,120,160,37,1,47,102,112,163,0.284,0.404,0.604,1.008,340
2000,AL,Juan Gonzalez,30,DET,115,496,461,69,133,30,2,22,67,32,84,0.289,0.337,0.505,0.842,233
2000,AL,Jose Guillen,24,TBD,105,349,316,40,80,16,5,10,41,18,65,0.253,0.32,0.43,0.75,136
2000,AL,Jerry Hairston,24,BAL,49,212,180,27,46,5,0,5,19,21,22,0.256,0.353,0.367,0.719,66
2000,AL,Derek Lowe,27,BOS,8,1,1,0,0,0,0,0,0,0,1,0,0,0,0,0
2000,AL,Raul Mondesi,29,TOR,96,426,388,78,105,22,2,24,67,32,73,0.271,0.329,0.523,0.852,203
2000,AL,Melvin Mora,28,BAL,53,222,199,25,58,9,3,2,17,17,32,0.291,0.359,0.397,0.756,79
2000,AL,Trot Nixon,26,BOS,123,502,427,66,118,27,8,12,60,63,85,0.276,0.368,0.461,0.83,197
2000,AL,Magglio Ordonez,26,CHW,153,665,588,102,185,34,3,32,126,60,64,0.315,0.371,0.546,0.917,321
2000,AL,David Ortiz,24,MIN,130,478,415,59,117,36,1,10,63,57,81,0.282,0.364,0.446,0.81,185
2000,AL,Rafael Palmeiro,35,TEX,158,678,565,102,163,29,3,39,120,103,77,0.288,0.397,0.558,0.954,315
2000,AL,Manny Ramirez,28,CLE,118,532,439,92,154,34,2,38,122,86,117,0.351,0.457,0.697,1.154,306
2000,AL,Alex Rodriguez,24,SEA,148,672,554,134,175,34,2,41,132,100,121,0.316,0.42,0.606,1.026,336
2000,AL,Ivan Rodriguez,28,TEX,91,389,363,66,126,27,4,27,83,19,48,0.347,0.375,0.667,1.042,242
2000,AL,Richie Sexson,25,CLE,91,356,324,45,83,16,1,16,44,25,96,0.256,0.315,0.46,0.774,149
2000,AL,Dan Smith,24,BOS,2,0,0,0,0,0,0,0,0,0,0,,,,,0
2000,AL,Alfonso Soriano,24,NYY,22,53,50,5,9,3,0,2,3,1,15,0.18,0.196,0.36,0.556,18
2000,AL,Scott Spiezio,27,ANA,123,345,297,47,72,11,2,17,49,40,56,0.242,0.334,0.465,0.799,138
2000,AL,Miguel Tejada,26,OAK,160,681,607,105,167,32,1,30,115,66,102,0.275,0.349,0.479,0.828,291
2000,AL,Vernon Wells,21,TOR,3,2,2,0,0,0,0,0,0,0,0,0,0,0,0,0
2000,AL,Craig Wilson,29,CHW,28,83,73,12,19,3,0,0,4,5,11,0.26,0.316,0.301,0.618,22
2000,AL,Randy Winn,26,TBD,51,190,159,28,40,5,0,1,16,26,25,0.252,0.362,0.302,0.664,48
2000,NL,Bobby Abreu,26,PHI,154,680,576,103,182,42,10,25,79,100,116,0.316,0.416,0.554,0.97,319
2000,NL,Moises Alou,33,HOU,126,517,454,82,161,28,2,30,114,52,45,0.355,0.416,0.623,1.039,283
2000,NL,Tony Armas,22,MON,15,30,26,1,1,0,0,0,1,1,12,0.038,0.074,0.038,0.113,1
2000,NL,Rich Aurilia,28,SFG,141,571,509,67,138,24,2,20,79,54,90,0.271,0.339,0.444,0.783,226
2000,NL,Adrian Beltre,21,LAD,138,575,510,71,148,30,2,20,85,56,80,0.29,0.36,0.475,0.835,242
2000,NL,Barry Bonds,35,SFG,143,607,480,129,147,28,4,49,106,117,77,0.306,0.44,0.688,1.127,330
2000,NL,Aaron Boone,27,CIN,84,332,291,44,83,18,0,12,43,24,52,0.285,0.356,0.471,0.826,137
2000,NL,Bret Boone,31,SDP,127,525,463,61,116,18,2,19,74,50,97,0.251,0.326,0.421,0.747,195
2000,NL,Milton Bradley,22,MON,42,172,154,20,34,8,1,2,15,14,32,0.221,0.288,0.325,0.613,50
2000,NL,Jeromy Burnitz,31,MIL,161,686,564,91,131,29,2,31,98,99,121,0.232,0.356,0.456,0.811,257
2000,NL,Roger Cedeno,25,HOU,74,305,259,54,73,2,5,6,26,43,47,0.282,0.383,0.398,0.781,103
2000,NL,Cliff Floyd,27,FLA,121,487,420,75,126,30,0,22,91,50,82,0.3,0.378,0.529,0.906,222
2000,NL,Andres Galarraga,39,ATL,141,548,494,67,149,25,1,28,100,36,126,0.302,0.369,0.526,0.895,260
2000,NL,Luis Gonzalez,32,ARI,162,722,618,106,192,47,2,31,114,78,85,0.311,0.392,0.544,0.935,336
2000,NL,Shawn Green,27,LAD,162,714,610,98,164,44,4,24,99,90,121,0.269,0.367,0.472,0.839,288
2000,NL,Todd Helton,26,COL,160,697,580,138,216,59,2,42,147,103,61,0.372,0.463,0.698,1.162,405
2000,NL,Geoff Jenkins,25,MIL,135,564,512,100,155,36,4,34,94,33,135,0.303,0.36,0.588,0.948,301
2000,NL,Ryan Klesko,29,SDP,145,590,494,88,140,33,2,26,92,91,81,0.283,0.393,0.516,0.909,255
2000,NL,Derrek Lee,24,FLA,158,546,477,70,134,18,3,28,70,63,123,0.281,0.368,0.507,0.875,242
2000,NL,Paul Lo Duca,28,LAD,34,75,65,6,16,2,0,2,8,6,8,0.246,0.301,0.369,0.671,24
2000,NL,Gary Matthews,25,CHC,80,175,158,24,30,1,2,4,14,15,28,0.19,0.264,0.297,0.562,47
2000,NL,Mark McGwire,36,STL,89,321,236,60,72,8,0,32,73,76,78,0.305,0.483,0.746,1.229,176
2000,NL,Melvin Mora,28,NYM,79,242,215,35,56,13,2,6,30,18,48,0.26,0.317,0.423,0.74,91
2000,NL,Corey Patterson,20,CHC,11,47,42,9,7,1,0,2,2,3,14,0.167,0.239,0.333,0.572,14
2000,NL,Aramis Ramirez,22,PIT,73,274,254,19,65,15,2,6,35,10,36,0.256,0.293,0.402,0.695,102
2000,NL,Benito Santiago,35,CIN,89,277,252,22,66,11,1,8,45,19,45,0.262,0.31,0.409,0.719,103
2000,NL,Richie Sexson,25,MIL,57,251,213,44,63,14,0,14,47,34,63,0.296,0.398,0.559,0.957,119
2000,NL,Gary Sheffield,31,LAD,141,612,501,105,163,24,3,43,109,101,71,0.325,0.438,0.643,1.081,322
2000,NL,Sammy Sosa,31,CHC,156,705,604,106,193,38,1,50,138,91,168,0.32,0.406,0.634,1.04,383
2000,NL,Fernando Tatis,25,STL,96,394,324,59,82,21,1,18,64,57,94,0.253,0.379,0.491,0.87,159
2000,NL,Ben Weber,30,SFG,9,0,0,0,0,0,0,0,0,0,0,,,,,0
2000,NL,Dmitri Young,26,CIN,152,593,548,68,166,37,6,18,88,36,80,0.303,0.346,0.491,0.837,269
2001,AL,Brent Abernathy,23,TBD,79,335,304,43,82,17,1,5,33,27,35,0.27,0.328,0.382,0.71,116
2001,AL,Roberto Alomar,33,CLE,157,677,575,113,193,34,12,20,100,80,71,0.336,0.415,0.541,0.956,311
2001,AL,Sandy Alomar,35,CHW,70,239,220,17,54,8,1,4,21,12,17,0.245,0.288,0.345,0.634,76
2001,AL,Danys Baez,23,CLE,4,0,0,0,0,0,0,0,0,0,0,,,,,0
2001,AL,Casey Blake,27,MIN,13,25,22,1,7,1,0,0,2,3,8,0.318,0.4,0.364,0.764,8
2001,AL,Casey Blake,27,BAL,6,16,15,2,2,0,0,1,2,1,4,0.133,0.188,0.333,0.521,5
2001,AL,Bret Boone,32,SEA,158,690,623,118,206,37,3,37,141,40,110,0.331,0.372,0.578,0.95,360
2001,AL,Milton Bradley,23,CLE,10,20,18,3,4,1,0,0,0,2,3,0.222,0.3,0.278,0.578,5
2001,AL,Eric Byrnes,25,OAK,19,43,38,9,9,1,0,3,5,4,6,0.237,0.326,0.5,0.826,19
2001,AL,Mike Cameron,28,SEA,150,633,540,99,144,30,5,25,110,69,155,0.267,0.353,0.48,0.832,259
2001,AL,Jose Canseco,36,CHW,76,306,256,46,66,8,0,16,49,45,75,0.258,0.366,0.477,0.843,122
2001,AL,Frank Catalanotto,27,TEX,133,512,463,77,153,31,5,11,54,39,55,0.33,0.391,0.49,0.882,227
2001,AL,Roger Cedeno,26,DET,131,572,523,79,153,14,11,6,48,36,83,0.293,0.337,0.396,0.733,207
2001,AL,Eric Chavez,23,OAK,151,604,552,91,159,43,0,32,114,41,99,0.288,0.338,0.54,0.878,298
2001,AL,Johnny Damon,27,OAK,155,719,644,108,165,34,4,9,49,61,70,0.256,0.324,0.363,0.687,234
2001,AL,Carlos Delgado,29,TOR,162,704,574,102,160,31,1,39,102,111,136,0.279,0.408,0.54,0.948,310
2001,AL,Carl Everett,30,BOS,102,449,409,61,105,24,4,14,58,27,104,0.257,0.323,0.438,0.761,179
2001,AL,Ryan Franklin,28,SEA,2,0,0,0,0,0,0,0,0,0,0,,,,,0
2001,AL,Andres Galarraga,40,TEX,72,271,243,33,57,16,0,10,34,18,68,0.235,0.31,0.424,0.734,103
2001,AL,Freddy Garcia,24,SEA,2,9,7,0,1,0,0,0,0,0,4,0.143,0.143,0.143,0.286,1
2001,AL,Nomar Garciaparra,27,BOS,21,91,83,13,24,3,0,4,8,7,9,0.289,0.352,0.47,0.822,39
2001,AL,Jason Giambi,30,OAK,154,671,520,109,178,47,2,38,120,129,83,0.342,0.477,0.66,1.137,343
2001,AL,Jay Gibbons,24,BAL,73,246,225,27,53,10,0,15,36,17,39,0.236,0.301,0.48,0.781,108
2001,AL,Troy Glaus,24,ANA,161,708,588,100,147,38,2,41,108,107,158,0.25,0.367,0.531,0.898,312
2001,AL,Juan Gonzalez,31,CLE,140,595,532,97,173,34,1,35,140,41,94,0.325,0.37,0.59,0.96,314
2001,AL,Jose Guillen,25,TBD,41,145,135,14,37,5,0,3,11,6,26,0.274,0.317,0.378,0.695,51
2001,AL,Jerry Hairston,25,BAL,159,602,532,63,124,25,5,8,47,44,73,0.233,0.305,0.344,0.649,183
2001,AL,Shea Hillenbrand,25,BOS,139,493,468,52,123,20,2,12,49,13,61,0.263,0.291,0.391,0.682,183
2001,AL,Derek Lowe,28,BOS,4,1,1,0,0,0,0,0,0,0,1,0,0,0,0,0
2001,AL,Raul Mondesi,30,TOR,149,653,572,88,144,26,4,27,84,73,128,0.252,0.342,0.453,0.794,259
2001,AL,Craig Monroe,24,TEX,27,58,52,8,11,1,0,2,5,6,18,0.212,0.293,0.346,0.639,18
2001,AL,Melvin Mora,29,BAL,128,503,436,49,109,28,0,7,48,41,91,0.25,0.329,0.362,0.692,158
2001,AL,Trot Nixon,27,BOS,148,633,535,100,150,31,4,27,88,79,113,0.28,0.376,0.505,0.881,270
2001,AL,Magglio Ordonez,27,CHW,160,671,593,97,181,40,1,31,113,70,70,0.305,0.382,0.533,0.914,316
2001,AL,David Ortiz,25,MIN,89,347,303,46,71,17,1,18,48,40,68,0.234,0.324,0.475,0.799,144
2001,AL,Rafael Palmeiro,36,TEX,160,714,600,98,164,33,0,47,123,101,90,0.273,0.381,0.563,0.944,338
2001,AL,Manny Ramirez,29,BOS,142,620,529,93,162,33,2,41,125,81,147,0.306,0.405,0.609,1.014,322
2001,AL,Brian Roberts,23,BAL,75,292,273,42,69,12,3,2,17,13,36,0.253,0.284,0.341,0.624,93
2001,AL,Alex Rodriguez,25,TEX,162,732,632,133,201,34,1,52,135,75,131,0.318,0.399,0.622,1.021,393
2001,AL,Ivan Rodriguez,29,TEX,111,470,442,70,136,24,2,25,65,23,73,0.308,0.347,0.541,0.888,239
2001,AL,Alfonso Soriano,25,NYY,158,614,574,77,154,34,3,18,73,29,125,0.268,0.304,0.432,0.736,248
2001,AL,Scott Spiezio,28,ANA,139,503,457,57,124,29,4,13,54,34,65,0.271,0.326,0.438,0.764,200
2001,AL,Miguel Tejada,27,OAK,162,683,622,107,166,31,3,31,113,43,89,0.267,0.326,0.476,0.801,296
2001,AL,Ben Weber,31,ANA,4,0,0,0,0,0,0,0,0,0,0,,,,,0
2001,AL,Vernon Wells,22,TOR,30,103,96,14,30,8,0,1,6,5,15,0.313,0.35,0.427,0.777,41
2001,AL,Randy Winn,27,TBD,128,480,429,54,117,25,6,6,50,38,81,0.273,0.339,0.401,0.74,172
2001,NL,Bobby Abreu,27,PHI,162,704,588,118,170,48,4,31,110,106,137,0.289,0.393,0.543,0.936,319
2001,NL,Moises Alou,34,HOU,136,581,513,79,170,31,1,27,108,57,57,0.331,0.396,0.554,0.949,284
2001,NL,Tony Armas,23,MON,32,59,53,2,8,1,0,0,4,0,17,0.151,0.151,0.17,0.321,9
2001,NL,Rich Aurilia,29,SFG,156,689,636,114,206,37,5,37,97,47,83,0.324,0.369,0.572,0.941,364
2001,NL,Adrian Beltre,22,LAD,126,515,475,59,126,22,4,13,60,28,82,0.265,0.31,0.411,0.72,195
2001,NL,Barry Bonds,36,SFG,153,664,476,129,156,32,2,73,137,177,93,0.328,0.515,0.863,1.379,411
2001,NL,Aaron Boone,28,CIN,103,427,381,54,112,26,2,14,62,29,71,0.294,0.351,0.483,0.834,184
2001,NL,Milton Bradley,23,MON,67,242,220,19,49,16,3,1,19,19,62,0.223,0.288,0.336,0.624,74
2001,NL,Jeromy Burnitz,32,MIL,154,651,562,104,141,32,4,34,100,80,150,0.251,0.347,0.504,0.851,283
2001,NL,Cliff Floyd,28,FLA,149,629,555,123,176,44,4,31,103,59,101,0.317,0.39,0.578,0.968,321
2001,NL,Andres Galarraga,40,SFG,49,174,156,17,45,12,1,7,35,13,49,0.288,0.351,0.513,0.863,80
2001,NL,Luis Gonzalez,33,ARI,162,728,609,128,198,36,7,57,142,100,83,0.325,0.429,0.688,1.117,419
2001,NL,Shawn Green,28,LAD,161,701,619,121,184,31,4,49,125,72,107,0.297,0.372,0.598,0.97,370
2001,NL,Todd Helton,27,COL,159,697,587,132,197,54,2,49,146,98,104,0.336,0.432,0.685,1.116,402
2001,NL,Geoff Jenkins,26,MIL,105,446,397,60,105,21,1,20,63,36,120,0.264,0.334,0.474,0.808,188
2001,NL,Ryan Klesko,30,SDP,146,638,538,105,154,34,6,30,113,88,89,0.286,0.384,0.539,0.923,290
2001,NL,Derrek Lee,25,FLA,158,625,561,83,158,37,4,21,75,50,126,0.282,0.346,0.474,0.82,266
2001,NL,Paul Lo Duca,29,LAD,125,519,460,71,147,28,0,25,90,39,30,0.32,0.374,0.543,0.917,250
2001,NL,Gary Matthews,26,CHC,106,302,258,41,56,9,1,9,30,38,55,0.217,0.32,0.364,0.684,94
2001,NL,Gary Matthews,26,PIT,46,170,147,22,36,6,1,5,14,22,45,0.245,0.341,0.401,0.743,59
2001,NL,Mark McGwire,37,STL,97,364,299,48,56,4,0,29,64,56,118,0.187,0.316,0.492,0.808,147
2001,NL,Corey Patterson,21,CHC,59,145,131,26,29,3,0,4,14,6,33,0.221,0.266,0.336,0.602,44
2001,NL,Aramis Ramirez,23,PIT,158,655,603,83,181,40,0,34,112,40,100,0.3,0.35,0.536,0.885,323
2001,NL,Benito Santiago,36,SFG,133,515,477,39,125,25,4,6,45,23,78,0.262,0.295,0.369,0.664,176
2001,NL,Richie Sexson,26,MIL,158,667,598,94,162,24,3,45,125,60,178,0.271,0.342,0.547,0.889,327
2001,NL,Gary Sheffield,32,LAD,143,618,515,98,160,28,2,36,100,94,67,0.311,0.417,0.583,1,300
2001,NL,Sammy Sosa,32,CHC,160,711,577,146,189,34,5,64,160,116,153,0.328,0.437,0.737,1.174,425
2001,NL,Fernando Tatis,26,MON,41,168,145,20,37,9,0,2,11,16,43,0.255,0.339,0.359,0.698,52
2001,NL,Craig Wilson,24,PIT,88,183,158,27,49,3,1,13,32,15,53,0.31,0.39,0.589,0.979,93
2001,NL,Dmitri Young,27,CIN,142,586,540,68,163,28,3,21,69,37,77,0.302,0.35,0.481,0.832,260
2002,AL,Brent Abernathy,24,TBD,117,504,463,46,112,18,4,2,40,25,46,0.242,0.288,0.311,0.599,144
2002,AL,Sandy Alomar,36,CHW,51,176,167,21,48,10,1,7,25,5,14,0.287,0.309,0.485,0.794,81
2002,AL,Danys Baez,24,CLE,1,2,2,0,0,0,0,0,0,0,0,0,0,0,0,0
2002,AL,Casey Blake,28,MIN,9,22,20,2,4,1,0,0,1,2,7,0.2,0.273,0.25,0.523,5
2002,AL,Bret Boone,33,SEA,155,675,608,88,169,34,3,24,107,53,102,0.278,0.339,0.462,0.801,281
2002,AL,Milton Bradley,24,CLE,98,358,325,48,81,18,3,9,38,32,58,0.249,0.317,0.406,0.723,132
2002,AL,Eric Byrnes,26,OAK,90,104,94,24,23,4,2,3,11,4,17,0.245,0.291,0.426,0.717,40
2002,AL,Mike Cameron,29,SEA,158,640,545,84,130,26,5,25,80,79,176,0.239,0.34,0.442,0.782,241
2002,AL,Frank Catalanotto,28,TEX,68,250,212,42,57,16,6,3,23,25,27,0.269,0.364,0.443,0.808,94
2002,AL,Eric Chavez,24,OAK,153,653,585,87,161,31,3,34,109,65,119,0.275,0.348,0.513,0.86,300
2002,AL,Johnny Damon,28,BOS,154,702,623,118,178,34,11,14,63,65,70,0.286,0.356,0.443,0.799,276
2002,AL,Carlos Delgado,30,TOR,143,628,505,103,140,34,2,33,108,102,126,0.277,0.406,0.549,0.955,277
2002,AL,Carl Everett,31,TEX,105,418,374,47,100,16,0,16,62,33,77,0.267,0.333,0.439,0.772,164
2002,AL,Cliff Floyd,29,BOS,47,190,171,30,54,21,0,7,18,15,28,0.316,0.374,0.561,0.935,96
2002,AL,Ryan Franklin,29,SEA,4,0,0,0,0,0,0,0,0,0,0,,,,,0
2002,AL,Freddy Garcia,25,SEA,2,7,6,0,2,1,0,0,0,0,1,0.333,0.333,0.5,0.833,3
2002,AL,Nomar Garciaparra,28,BOS,156,693,635,101,197,56,5,24,120,41,63,0.31,0.352,0.528,0.88,335
2002,AL,Jason Giambi,31,NYY,155,689,560,120,176,34,1,41,122,109,112,0.314,0.435,0.598,1.034,335
2002,AL,Jay Gibbons,25,BAL,136,541,490,71,121,29,1,28,69,45,66,0.247,0.311,0.482,0.792,236
2002,AL,Troy Glaus,25,ANA,156,671,569,99,142,24,1,30,111,88,144,0.25,0.352,0.453,0.805,258
2002,AL,Juan Gonzalez,32,TEX,70,296,277,38,78,21,1,8,35,17,56,0.282,0.324,0.451,0.776,125
2002,AL,Jerry Hairston,26,BAL,122,479,426,55,114,25,3,5,32,34,55,0.268,0.329,0.376,0.705,160
2002,AL,Shea Hillenbrand,26,BOS,156,676,634,94,186,43,4,18,83,25,95,0.293,0.33,0.459,0.789,291
2002,AL,Derek Lowe,29,BOS,2,5,3,0,1,0,0,0,0,1,0,0.333,0.5,0.333,0.833,1
2002,AL,Gary Matthews,27,BAL,109,397,344,54,95,25,3,7,38,43,69,0.276,0.355,0.427,0.782,147
2002,AL,Raul Mondesi,31,TOR,75,335,299,51,67,16,1,15,45,31,57,0.224,0.301,0.435,0.736,130
2002,AL,Raul Mondesi,31,NYY,71,302,270,39,65,18,0,11,43,28,46,0.241,0.315,0.43,0.744,116
2002,AL,Craig Monroe,25,DET,13,26,25,3,3,1,0,1,1,0,5,0.12,0.154,0.28,0.434,7
2002,AL,Melvin Mora,30,BAL,149,652,557,86,130,30,4,19,64,70,108,0.233,0.338,0.404,0.742,225
2002,AL,Trot Nixon,28,BOS,152,612,532,81,136,36,3,24,94,65,109,0.256,0.338,0.47,0.808,250
2002,AL,Magglio Ordonez,28,CHW,153,654,590,116,189,47,1,38,135,53,77,0.32,0.381,0.597,0.978,352
2002,AL,David Ortiz,26,MIN,125,466,412,52,112,32,1,20,75,43,87,0.272,0.339,0.5,0.839,206
2002,AL,Rafael Palmeiro,37,TEX,155,663,546,99,149,34,0,43,105,104,94,0.273,0.391,0.571,0.962,312
2002,AL,Manny Ramirez,30,BOS,120,518,436,84,152,31,0,33,107,73,85,0.349,0.45,0.647,1.097,282
2002,AL,Brian Roberts,24,BAL,38,149,128,18,29,6,0,1,11,15,21,0.227,0.308,0.297,0.605,38
2002,AL,Alex Rodriguez,26,TEX,162,725,624,125,187,27,2,57,142,87,122,0.3,0.392,0.623,1.015,389
2002,AL,Ivan Rodriguez,30,TEX,108,440,408,67,128,32,2,19,60,25,71,0.314,0.353,0.542,0.895,221
2002,AL,Alfonso Soriano,26,NYY,156,741,696,128,209,51,2,39,102,23,157,0.3,0.332,0.547,0.88,381
2002,AL,Scott Spiezio,29,ANA,153,571,491,80,140,34,2,12,82,67,52,0.285,0.371,0.436,0.807,214
2002,AL,Miguel Tejada,28,OAK,162,715,662,108,204,30,0,34,131,38,84,0.308,0.354,0.508,0.861,336
2002,AL,Ben Weber,32,ANA,3,0,0,0,0,0,0,0,0,0,0,,,,,0
2002,AL,Vernon Wells,23,TOR,159,648,608,87,167,34,4,23,100,27,85,0.275,0.305,0.457,0.762,278
2002,AL,Randy Winn,28,TBD,152,674,607,87,181,39,9,14,75,55,109,0.298,0.36,0.461,0.821,280
2002,AL,Dmitri Young,28,DET,54,216,201,25,57,14,0,7,27,12,39,0.284,0.329,0.458,0.786,92
2002,NL,Bobby Abreu,28,PHI,157,685,572,102,176,50,6,20,85,104,117,0.308,0.413,0.521,0.934,298
2002,NL,Roberto Alomar,34,NYM,149,655,590,73,157,24,4,11,53,57,83,0.266,0.331,0.376,0.708,222
2002,NL,Sandy Alomar,36,COL,38,120,116,8,31,4,0,0,12,4,19,0.267,0.292,0.302,0.593,35
2002,NL,Moises Alou,35,CHC,132,534,484,50,133,23,1,15,61,47,61,0.275,0.337,0.419,0.757,203
2002,NL,Tony Armas,24,MON,26,56,50,1,5,0,1,0,2,1,16,0.1,0.118,0.14,0.258,7
2002,NL,Rich Aurilia,30,SFG,133,589,538,76,138,35,2,15,61,37,90,0.257,0.305,0.413,0.718,222
2002,NL,Adrian Beltre,23,LAD,159,635,587,70,151,26,5,21,75,37,96,0.257,0.303,0.426,0.729,250
2002,NL,Barry Bonds,37,SFG,143,612,403,117,149,31,2,46,110,198,47,0.37,0.582,0.799,1.381,322
2002,NL,Aaron Boone,29,CIN,162,685,606,83,146,38,2,26,87,56,111,0.241,0.314,0.439,0.753,266
2002,NL,Jeromy Burnitz,33,NYM,154,550,479,65,103,15,0,19,54,58,135,0.215,0.311,0.365,0.677,175
2002,NL,Roger Cedeno,27,NYM,149,562,511,65,133,19,2,7,41,42,92,0.26,0.318,0.346,0.664,177
2002,NL,Cliff Floyd,29,FLA,84,362,296,49,85,20,0,18,57,58,68,0.287,0.414,0.537,0.952,159
2002,NL,Cliff Floyd,29,MON,15,57,53,7,11,2,0,3,4,3,10,0.208,0.263,0.415,0.678,22
2002,NL,Andres Galarraga,41,MON,104,334,292,30,76,12,0,9,40,30,81,0.26,0.344,0.394,0.738,115
2002,NL,Luis Gonzalez,34,ARI,148,633,524,90,151,19,3,28,103,97,76,0.288,0.4,0.496,0.896,260
2002,NL,Shawn Green,29,LAD,158,685,582,110,166,31,1,42,114,93,112,0.285,0.385,0.558,0.944,325
2002,NL,Jose Guillen,26,ARI,54,141,131,13,30,4,0,4,15,7,25,0.229,0.277,0.351,0.628,46
2002,NL,Jose Guillen,26,CIN,31,118,109,12,27,3,0,4,16,7,18,0.248,0.299,0.385,0.684,42
2002,NL,Todd Helton,28,COL,156,668,553,107,182,39,4,30,109,99,91,0.329,0.429,0.577,1.006,319
2002,NL,Geoff Jenkins,27,MIL,67,272,243,35,59,17,1,10,29,22,60,0.243,0.32,0.444,0.764,108
2002,NL,Ryan Klesko,31,SDP,146,625,540,90,162,39,1,29,95,76,86,0.3,0.388,0.537,0.925,290
2002,NL,Derrek Lee,26,FLA,162,688,581,95,157,35,7,27,86,98,164,0.27,0.378,0.494,0.872,287
2002,NL,Paul Lo Duca,30,LAD,149,632,580,74,163,38,1,10,64,34,31,0.281,0.33,0.402,0.731,233
2002,NL,Gary Matthews,27,NYM,2,1,1,0,0,0,0,0,0,0,0,0,0,0,0,0
2002,NL,Corey Patterson,22,CHC,153,628,592,71,150,30,5,14,54,19,142,0.253,0.284,0.392,0.676,232
2002,NL,Aramis Ramirez,24,PIT,142,570,522,51,122,26,0,18,71,29,95,0.234,0.279,0.387,0.666,202
2002,NL,Benito Santiago,37,SFG,126,517,478,56,133,24,5,16,74,27,73,0.278,0.315,0.45,0.765,215
2002,NL,Richie Sexson,27,MIL,157,652,570,86,159,37,2,29,102,70,136,0.279,0.363,0.504,0.867,287
2002,NL,Gary Sheffield,33,ATL,135,579,492,82,151,26,0,25,84,72,53,0.307,0.404,0.512,0.916,252
2002,NL,Dan Smith,26,MON,32,3,3,0,0,0,0,0,0,0,3,0,0,0,0,0
2002,NL,Sammy Sosa,33,CHC,150,666,556,122,160,19,2,49,108,103,144,0.288,0.399,0.594,0.993,330
2002,NL,Fernando Tatis,27,MON,114,430,381,43,87,18,1,15,55,35,90,0.228,0.303,0.399,0.702,152
2002,NL,Craig Wilson,25,PIT,131,424,368,48,97,16,1,16,57,32,116,0.264,0.355,0.443,0.798,163
2003,AL,Brent Abernathy,25,TBD,2,7,7,1,0,0,0,0,0,0,0,0,0,0,0,0
2003,AL,Brent Abernathy,25,KCR,10,30,27,2,2,0,0,0,0,1,3,0.074,0.107,0.074,0.181,2
2003,AL,Roberto Alomar,35,CHW,67,296,253,42,64,11,1,3,17,30,37,0.253,0.33,0.34,0.67,86
2003,AL,Sandy Alomar,37,CHW,75,204,194,22,52,12,0,5,26,4,17,0.268,0.281,0.407,0.689,79
2003,AL,Danys Baez,25,CLE,5,1,1,0,0,0,0,0,0,0,0,0,0,0,0,0
2003,AL,Casey Blake,29,CLE,152,621,557,80,143,35,0,17,67,38,109,0.257,0.312,0.411,0.723,229
2003,AL,Aaron Boone,30,NYY,54,209,189,31,48,13,0,6,31,11,30,0.254,0.302,0.418,0.72,79
2003,AL,Bret Boone,34,SEA,159,705,622,111,183,35,5,35,117,68,125,0.294,0.366,0.535,0.902,333
2003,AL,Milton Bradley,25,CLE,101,451,377,61,121,34,2,10,56,64,73,0.321,0.421,0.501,0.923,189
2003,AL,Eric Byrnes,27,OAK,121,461,414,64,109,27,9,12,51,42,71,0.263,0.333,0.459,0.792,190
2003,AL,Mike Cameron,30,SEA,147,612,534,74,135,31,5,18,76,70,137,0.253,0.344,0.431,0.774,230
2003,AL,Frank Catalanotto,29,TOR,133,535,489,83,146,34,6,13,59,35,62,0.299,0.351,0.472,0.823,231
2003,AL,Eric Chavez,25,OAK,156,654,588,94,166,39,5,29,101,62,89,0.282,0.35,0.514,0.864,302
2003,AL,Jose Contreras,31,NYY,1,3,3,0,0,0,0,0,0,0,2,0,0,0,0,0
2003,AL,Johnny Damon,29,BOS,145,690,608,103,166,32,6,12,67,68,74,0.273,0.345,0.405,0.75,246
2003,AL,Carlos Delgado,31,TOR,161,705,570,117,172,38,1,42,145,109,137,0.302,0.426,0.593,1.019,338
2003,AL,Carl Everett,32,TEX,74,313,270,53,74,13,3,18,51,31,48,0.274,0.356,0.544,0.9,147
2003,AL,Carl Everett,32,CHW,73,289,256,40,77,14,0,10,41,22,36,0.301,0.377,0.473,0.85,121
2003,AL,Ryan Franklin,30,SEA,2,5,4,1,1,0,0,0,0,0,1,0.25,0.25,0.25,0.5,1
2003,AL,Freddy Garcia,26,SEA,1,5,5,0,1,0,0,0,1,0,0,0.2,0.2,0.2,0.4,1
2003,AL,Nomar Garciaparra,29,BOS,156,719,658,120,198,37,13,28,105,39,61,0.301,0.345,0.524,0.87,345
2003,AL,Jason Giambi,32,NYY,156,690,535,97,134,25,0,41,107,129,140,0.25,0.412,0.527,0.939,282
2003,AL,Jay Gibbons,26,BAL,160,682,625,80,173,39,2,23,100,49,89,0.277,0.33,0.456,0.786,285
2003,AL,Troy Glaus,26,ANA,91,367,319,53,79,17,2,16,50,46,73,0.248,0.343,0.464,0.807,148
2003,AL,Juan Gonzalez,33,TEX,82,346,327,49,96,17,1,24,70,14,73,0.294,0.329,0.572,0.901,187
2003,AL,Jose Guillen,27,OAK,45,186,170,25,45,7,1,8,23,7,32,0.265,0.311,0.459,0.77,78
2003,AL,Jerry Hairston,27,BAL,58,259,218,25,59,12,2,2,21,23,25,0.271,0.353,0.372,0.725,81
2003,AL,Shea Hillenbrand,27,BOS,49,200,185,20,56,17,0,3,38,7,26,0.303,0.335,0.443,0.778,82
2003,AL,Derek Lowe,30,BOS,2,5,4,0,0,0,0,0,0,0,0,0,0,0,0,0
2003,AL,Gary Matthews,28,BAL,41,172,162,21,33,12,1,2,20,9,29,0.204,0.25,0.327,0.577,53
2003,AL,Raul Mondesi,32,NYY,98,403,361,56,93,23,3,16,49,38,66,0.258,0.33,0.471,0.801,170
2003,AL,Craig Monroe,26,DET,128,458,425,51,102,18,1,23,70,27,89,0.24,0.287,0.449,0.736,191
2003,AL,Melvin Mora,31,BAL,96,413,344,68,109,17,1,15,48,49,71,0.317,0.418,0.503,0.921,173
2003,AL,Trot Nixon,29,BOS,134,513,441,81,135,24,6,28,87,65,96,0.306,0.396,0.578,0.975,255
2003,AL,Magglio Ordonez,29,CHW,160,674,606,95,192,46,3,29,99,57,73,0.317,0.38,0.546,0.926,331
2003,AL,David Ortiz,27,BOS,128,509,448,79,129,39,2,31,101,58,83,0.288,0.369,0.592,0.961,265
2003,AL,Rafael Palmeiro,38,TEX,154,654,561,92,146,21,2,38,112,84,77,0.26,0.359,0.508,0.867,285
2003,AL,Manny Ramirez,31,BOS,154,679,569,117,185,36,1,37,104,97,94,0.325,0.427,0.587,1.014,334
2003,AL,Brian Roberts,25,BAL,112,512,460,65,124,22,4,5,41,46,58,0.27,0.337,0.367,0.704,169
2003,AL,Alex Rodriguez,27,TEX,161,715,607,124,181,30,6,47,118,87,126,0.298,0.396,0.6,0.995,364
2003,AL,Alfonso Soriano,27,NYY,156,734,682,114,198,36,5,38,91,38,130,0.29,0.338,0.525,0.863,358
2003,AL,Scott Spiezio,30,ANA,158,581,521,69,138,36,7,16,83,46,66,0.265,0.326,0.453,0.779,236
2003,AL,Miguel Tejada,29,OAK,162,703,636,98,177,42,0,27,106,53,65,0.278,0.336,0.472,0.807,300
2003,AL,Ben Weber,33,ANA,5,0,0,0,0,0,0,0,0,0,0,,,,,0
2003,AL,Vernon Wells,24,TOR,161,735,678,118,215,49,5,33,117,42,80,0.317,0.359,0.55,0.909,373
2003,AL,Randy Winn,29,SEA,157,660,600,103,177,37,4,11,75,41,108,0.295,0.346,0.425,0.771,255
2003,AL,Dmitri Young,29,DET,155,635,562,78,167,34,7,29,85,58,130,0.297,0.372,0.537,0.909,302
2003,NL,Bobby Abreu,29,PHI,158,695,577,99,173,35,1,20,101,109,126,0.3,0.409,0.468,0.877,270
2003,NL,Roberto Alomar,35,NYM,73,302,263,34,69,17,1,2,22,29,40,0.262,0.336,0.357,0.693,94
2003,NL,Moises Alou,36,CHC,151,638,565,83,158,35,1,22,91,63,67,0.28,0.357,0.462,0.819,261
2003,NL,Tony Armas,25,MON,5,10,10,0,2,0,0,0,0,0,2,0.2,0.2,0.2,0.4,2
2003,NL,Rich Aurilia,31,SFG,129,545,505,65,140,26,1,13,58,36,82,0.277,0.325,0.41,0.735,207
2003,NL,Adrian Beltre,24,LAD,158,608,559,50,134,30,2,23,80,37,103,0.24,0.29,0.424,0.714,237
2003,NL,Barry Bonds,38,SFG,130,550,390,111,133,22,1,45,90,148,58,0.341,0.529,0.749,1.278,292
2003,NL,Aaron Boone,30,CIN,106,447,403,61,110,19,3,18,65,35,74,0.273,0.339,0.469,0.808,189
2003,NL,Jeromy Burnitz,34,NYM,65,259,234,38,64,18,0,18,45,21,55,0.274,0.344,0.581,0.925,136
2003,NL,Jeromy Burnitz,34,LAD,61,246,230,25,47,4,0,13,32,14,57,0.204,0.252,0.391,0.643,90
2003,NL,Roger Cedeno,28,NYM,148,527,484,70,129,25,4,7,37,38,86,0.267,0.32,0.378,0.698,183
2003,NL,Cliff Floyd,30,NYM,108,425,365,57,106,25,2,18,68,51,66,0.29,0.376,0.518,0.894,189
2003,NL,Andres Galarraga,42,SFG,110,293,272,36,82,15,0,12,42,19,61,0.301,0.352,0.489,0.841,133
2003,NL,Luis Gonzalez,35,ARI,156,679,579,92,176,46,4,26,104,94,67,0.304,0.402,0.532,0.934,308
2003,NL,Shawn Green,30,LAD,160,691,611,84,171,49,2,19,85,68,112,0.28,0.355,0.46,0.814,281
2003,NL,Jose Guillen,27,CIN,91,349,315,52,106,21,1,23,63,17,63,0.337,0.385,0.629,1.013,198
2003,NL,Todd Helton,29,COL,160,703,583,135,209,49,5,33,117,111,72,0.358,0.458,0.63,1.088,367
2003,NL,Shea Hillenbrand,27,ARI,85,354,330,40,88,18,1,17,59,17,44,0.267,0.302,0.482,0.784,159
2003,NL,Geoff Jenkins,28,MIL,124,554,487,81,144,30,2,28,95,58,120,0.296,0.375,0.538,0.913,262
2003,NL,Ryan Klesko,32,SDP,121,474,397,47,100,18,0,21,67,65,83,0.252,0.354,0.456,0.81,181
2003,NL,Derrek Lee,27,FLA,155,643,539,91,146,31,2,31,92,88,131,0.271,0.379,0.508,0.888,274
2003,NL,Paul Lo Duca,31,LAD,147,630,568,64,155,34,2,7,52,44,54,0.273,0.335,0.377,0.712,214
2003,NL,Javier Lopez,25,COL,73,5,5,1,1,0,0,0,1,0,1,0.2,0.2,0.2,0.4,1
2003,NL,Gary Matthews,28,SDP,103,341,306,50,83,19,1,4,22,34,66,0.271,0.346,0.379,0.725,116
2003,NL,Raul Mondesi,32,ARI,45,183,162,27,49,8,1,8,22,18,31,0.302,0.372,0.512,0.884,83
2003,NL,Corey Patterson,23,CHC,83,347,329,49,98,17,7,13,55,15,77,0.298,0.329,0.511,0.839,168
2003,NL,Aramis Ramirez,25,PIT,96,415,375,44,105,25,1,12,67,25,68,0.28,0.33,0.448,0.778,168
2003,NL,Aramis Ramirez,25,CHC,63,255,232,31,60,7,1,15,39,17,31,0.259,0.314,0.491,0.805,114
2003,NL,Ivan Rodriguez,31,FLA,144,578,511,90,152,36,3,16,85,55,92,0.297,0.369,0.474,0.843,242
2003,NL,Benito Santiago,38,SFG,108,434,401,53,112,21,2,11,56,29,69,0.279,0.329,0.424,0.753,170
2003,NL,Richie Sexson,28,MIL,162,718,606,97,165,28,2,45,124,98,151,0.272,0.379,0.548,0.927,332
2003,NL,Gary Sheffield,34,ATL,155,678,576,126,190,37,2,39,132,86,55,0.33,0.419,0.604,1.023,348
2003,NL,Dan Smith,27,MON,30,2,2,0,0,0,0,0,0,0,0,0,0,0,0,0
2003,NL,Sammy Sosa,34,CHC,137,589,517,99,144,22,0,40,103,62,143,0.279,0.358,0.553,0.911,286
2003,NL,Fernando Tatis,28,MON,53,196,175,15,34,6,0,2,15,18,40,0.194,0.281,0.263,0.543,46
2003,NL,Craig Wilson,26,PIT,116,358,309,49,81,15,4,18,48,35,89,0.262,0.36,0.511,0.872,158
2004,AL,Roberto Alomar,36,CHW,18,65,61,4,11,1,0,1,8,2,13,0.18,0.203,0.246,0.449,15
2004,AL,Sandy Alomar,38,CHW,50,164,146,15,35,4,0,2,14,11,13,0.24,0.298,0.308,0.606,45
2004,AL,Rich Aurilia,32,SEA,73,292,261,27,63,13,0,4,28,22,43,0.241,0.304,0.337,0.641,88
2004,AL,Danys Baez,26,TBD,5,0,0,0,0,0,0,0,0,0,0,,,,,0
2004,AL,Casey Blake,30,CLE,152,668,587,93,159,36,3,28,88,68,139,0.271,0.354,0.486,0.839,285
2004,AL,Bret Boone,35,SEA,148,658,593,74,149,30,0,24,83,56,135,0.251,0.317,0.423,0.74,251
2004,AL,Eric Byrnes,28,OAK,143,632,569,91,161,39,3,20,73,46,111,0.283,0.347,0.467,0.814,266
2004,AL,Frank Catalanotto,30,TOR,75,274,249,27,73,19,1,1,26,17,33,0.293,0.344,0.39,0.734,97
2004,AL,Eric Chavez,26,OAK,125,577,475,87,131,20,0,29,77,95,99,0.276,0.397,0.501,0.898,238
2004,AL,Jose Contreras,32,NYY,3,8,8,0,0,0,0,0,0,0,5,0,0,0,0,0
2004,AL,Johnny Damon,30,BOS,150,702,621,123,189,35,6,20,94,76,71,0.304,0.38,0.477,0.857,296
2004,AL,Carlos Delgado,32,TOR,128,551,458,74,123,26,0,32,99,69,115,0.269,0.372,0.535,0.907,245
2004,AL,Carl Everett,33,CHW,43,169,154,21,41,7,1,5,21,8,26,0.266,0.32,0.422,0.742,65
2004,AL,Ryan Franklin,31,SEA,2,5,3,0,0,0,0,0,0,1,2,0,0.25,0,0.25,0
2004,AL,Andres Galarraga,43,ANA,7,11,10,1,3,0,0,1,2,0,3,0.3,0.364,0.6,0.964,6
2004,AL,Freddy Garcia,27,SEA,2,4,4,0,0,0,0,0,0,0,3,0,0,0,0,0
2004,AL,Nomar Garciaparra,30,BOS,38,169,156,24,50,7,3,5,21,8,16,0.321,0.367,0.5,0.867,78
2004,AL,Jason Giambi,33,NYY,80,322,264,33,55,9,0,12,40,47,62,0.208,0.342,0.379,0.72,100
2004,AL,Jay Gibbons,27,BAL,97,380,346,36,85,14,1,10,47,29,64,0.246,0.303,0.379,0.682,131
2004,AL,Troy Glaus,27,ANA,58,242,207,47,52,11,1,18,42,31,52,0.251,0.355,0.575,0.93,119
2004,AL,Juan Gonzalez,34,KCR,33,138,127,17,35,4,1,5,17,9,19,0.276,0.326,0.441,0.767,56
2004,AL,Jose Guillen,28,ANA,148,621,565,88,166,28,3,27,104,37,92,0.294,0.352,0.497,0.849,281
2004,AL,Jerry Hairston,28,BAL,86,334,287,43,87,19,1,2,24,29,29,0.303,0.378,0.397,0.775,114
2004,AL,Derek Lowe,31,BOS,2,5,4,0,1,1,0,0,1,0,1,0.25,0.25,0.5,0.75,2
2004,AL,Gary Matthews,29,TEX,87,317,280,37,77,17,1,11,36,33,64,0.275,0.35,0.461,0.811,129
2004,AL,Raul Mondesi,33,ANA,8,37,34,2,4,1,0,1,1,2,4,0.118,0.189,0.235,0.424,8
2004,AL,Craig Monroe,27,DET,128,481,447,65,131,27,3,18,72,29,79,0.293,0.337,0.488,0.824,218
2004,AL,Melvin Mora,32,BAL,140,636,550,111,187,41,0,27,104,66,95,0.34,0.419,0.562,0.981,309
2004,AL,Trot Nixon,30,BOS,48,167,149,24,47,9,1,6,23,15,24,0.315,0.377,0.51,0.887,76
2004,AL,Magglio Ordonez,30,CHW,52,222,202,32,59,8,2,9,37,16,22,0.292,0.351,0.485,0.836,98
2004,AL,David Ortiz,28,BOS,150,669,582,94,175,47,3,41,139,75,133,0.301,0.38,0.603,0.983,351
2004,AL,Rafael Palmeiro,39,BAL,154,651,550,68,142,29,0,23,88,86,61,0.258,0.359,0.436,0.796,240
2004,AL,Manny Ramirez,32,BOS,152,663,568,108,175,44,0,43,130,82,124,0.308,0.397,0.613,1.009,348
2004,AL,Brian Roberts,26,BAL,159,736,641,107,175,50,2,4,53,71,95,0.273,0.344,0.376,0.72,241
2004,AL,Alex Rodriguez,28,NYY,155,698,601,112,172,24,2,36,106,80,131,0.286,0.375,0.512,0.888,308
2004,AL,Ivan Rodriguez,32,DET,135,575,527,72,176,32,2,19,86,41,91,0.334,0.383,0.51,0.893,269
2004,AL,Benito Santiago,39,KCR,49,189,175,15,48,10,0,6,23,8,32,0.274,0.312,0.434,0.746,76
2004,AL,Gary Sheffield,35,NYY,154,684,573,117,166,30,1,36,121,92,83,0.29,0.393,0.534,0.927,306
2004,AL,Alfonso Soriano,28,TEX,145,658,608,77,170,32,4,28,91,33,121,0.28,0.324,0.484,0.807,294
2004,AL,Scott Spiezio,31,SEA,112,415,367,38,79,12,3,10,41,36,60,0.215,0.288,0.346,0.634,127
2004,AL,Miguel Tejada,30,BAL,162,725,653,107,203,40,2,34,150,48,73,0.311,0.36,0.534,0.894,349
2004,AL,Vernon Wells,25,TOR,134,590,536,82,146,34,2,23,67,51,83,0.272,0.337,0.472,0.809,253
2004,AL,Randy Winn,30,SEA,157,703,626,84,179,34,6,14,81,53,98,0.286,0.346,0.427,0.772,267
2004,AL,Dmitri Young,30,DET,104,432,389,72,106,23,2,18,60,33,71,0.272,0.336,0.481,0.816,187
2004,NL,Bobby Abreu,30,PHI,159,713,574,118,173,47,1,30,105,127,116,0.301,0.428,0.544,0.971,312
2004,NL,Roberto Alomar,36,ARI,38,125,110,14,34,5,2,3,16,12,18,0.309,0.382,0.473,0.855,52
2004,NL,Moises Alou,37,CHC,155,675,601,106,176,36,3,39,106,68,80,0.293,0.361,0.557,0.919,335
2004,NL,Tony Armas,26,MON,15,21,16,0,0,0,0,0,0,0,5,0,0,0,0,0
2004,NL,Rich Aurilia,32,SDP,51,158,138,22,35,8,2,2,16,15,28,0.254,0.331,0.384,0.715,53
2004,NL,Adrian Beltre,25,LAD,156,657,598,104,200,32,0,48,121,53,87,0.334,0.388,0.629,1.017,376
2004,NL,Barry Bonds,39,SFG,147,617,373,129,135,27,3,45,101,232,41,0.362,0.609,0.812,1.422,303
2004,NL,Milton Bradley,26,LAD,141,597,516,72,138,24,0,19,67,71,123,0.267,0.362,0.424,0.786,219
2004,NL,Jeromy Burnitz,35,COL,150,606,540,94,153,30,4,37,110,58,124,0.283,0.356,0.559,0.916,302
2004,NL,Mike Cameron,31,NYM,140,562,493,76,114,30,1,30,76,57,143,0.231,0.319,0.479,0.798,236
2004,NL,Roger Cedeno,29,STL,95,223,200,22,53,9,2,3,23,19,41,0.265,0.327,0.375,0.702,75
2004,NL,Carl Everett,33,MON,39,141,127,8,32,10,0,2,14,8,19,0.252,0.319,0.378,0.697,48
2004,NL,Cliff Floyd,31,NYM,113,457,396,55,103,26,0,18,63,47,103,0.26,0.352,0.462,0.814,183
2004,NL,Nomar Garciaparra,30,CHC,43,185,165,28,49,14,0,4,20,16,14,0.297,0.364,0.455,0.819,75
2004,NL,Luis Gonzalez,36,ARI,105,451,379,69,98,28,5,17,48,68,58,0.259,0.373,0.493,0.866,187
2004,NL,Luis Gonzalez,25,COL,102,351,322,42,94,17,2,12,40,15,67,0.292,0.33,0.469,0.799,151
2004,NL,Shawn Green,31,LAD,157,671,590,92,157,28,1,28,86,71,114,0.266,0.352,0.459,0.811,271
2004,NL,Todd Helton,30,COL,154,683,547,115,190,49,2,32,96,127,72,0.347,0.469,0.62,1.088,339
2004,NL,Shea Hillenbrand,28,ARI,148,604,562,68,174,36,3,15,80,24,49,0.31,0.348,0.464,0.812,261
2004,NL,Geoff Jenkins,29,MIL,157,681,617,88,163,36,6,27,93,46,152,0.264,0.325,0.473,0.798,292
2004,NL,Ryan Klesko,33,SDP,127,480,402,58,117,32,2,9,66,73,67,0.291,0.399,0.448,0.847,180
2004,NL,Derrek Lee,28,CHC,161,688,605,90,168,39,1,32,98,68,128,0.278,0.356,0.504,0.86,305
2004,NL,Paul Lo Duca,32,LAD,91,381,349,41,105,18,1,10,49,22,27,0.301,0.351,0.444,0.795,155
2004,NL,Paul Lo Duca,32,FLA,52,213,186,27,48,11,1,3,31,14,22,0.258,0.314,0.376,0.69,70
2004,NL,Javier Lopez,26,COL,58,3,2,0,0,0,0,0,0,0,2,0,0,0,0,0
2004,NL,Raul Mondesi,33,PIT,26,110,99,8,28,8,0,2,14,11,27,0.283,0.355,0.424,0.779,42
2004,NL,Corey Patterson,24,CHC,157,687,631,91,168,33,6,24,72,45,168,0.266,0.32,0.452,0.771,285
2004,NL,Aramis Ramirez,26,CHC,145,606,547,99,174,32,1,36,103,49,62,0.318,0.373,0.578,0.951,316
2004,NL,Richie Sexson,29,ARI,23,104,90,20,21,4,0,9,23,14,21,0.233,0.337,0.578,0.914,52
2004,NL,Sammy Sosa,35,CHC,126,539,478,69,121,21,0,35,80,56,133,0.253,0.332,0.517,0.849,247
2004,NL,Craig Wilson,27,PIT,155,644,561,97,148,35,5,29,82,50,169,0.264,0.354,0.499,0.853,280
2005,AL,Brent Abernathy,27,MIN,24,79,67,5,16,1,0,1,6,7,9,0.239,0.316,0.299,0.614,20
2005,AL,Sandy Alomar,39,TEX,46,137,128,11,35,7,0,0,14,5,12,0.273,0.306,0.328,0.634,42
2005,AL,Danys Baez,27,TBD,3,0,0,0,0,0,0,0,0,0,0,,,,,0
2005,AL,Adrian Beltre,26,SEA,156,650,603,69,154,36,1,19,87,38,108,0.255,0.303,0.413,0.716,249
2005,AL,Casey Blake,31,CLE,147,583,523,72,126,32,1,23,58,43,116,0.241,0.308,0.438,0.746,229
2005,AL,Aaron Boone,32,CLE,143,565,511,61,124,19,1,16,60,35,92,0.243,0.299,0.378,0.677,193
2005,AL,Bret Boone,36,SEA,74,302,273,30,63,15,3,7,34,24,52,0.231,0.299,0.385,0.684,105
2005,AL,Bret Boone,36,MIN,14,58,53,3,9,0,0,0,3,4,13,0.17,0.241,0.17,0.411,9
2005,AL,Eric Byrnes,29,OAK,59,215,192,30,51,15,2,7,24,14,27,0.266,0.336,0.474,0.81,91
2005,AL,Eric Byrnes,29,BAL,52,181,167,17,32,7,1,3,11,11,33,0.192,0.246,0.299,0.545,50
2005,AL,Frank Catalanotto,31,TOR,130,475,419,56,126,29,5,8,59,37,53,0.301,0.367,0.451,0.818,189
2005,AL,Eric Chavez,27,OAK,160,694,625,92,168,40,1,27,101,58,129,0.269,0.329,0.466,0.794,291
2005,AL,Jose Contreras,33,CHW,2,4,3,0,0,0,0,0,0,1,2,0,0.25,0,0.25,0
2005,AL,Johnny Damon,31,BOS,148,688,624,117,197,35,6,10,75,53,69,0.316,0.366,0.439,0.805,274
2005,AL,Carl Everett,34,CHW,135,547,490,58,123,17,2,23,87,42,99,0.251,0.311,0.435,0.745,213
2005,AL,Ryan Franklin,32,SEA,2,5,4,0,0,0,0,0,0,1,0,0,0.2,0,0.2,0
2005,AL,Freddy Garcia,28,CHW,3,9,7,0,0,0,0,0,0,0,1,0,0,0,0,0
2005,AL,Jason Giambi,34,NYY,139,545,417,74,113,14,0,32,87,108,109,0.271,0.44,0.535,0.975,223
2005,AL,Jay Gibbons,28,BAL,139,518,488,72,135,33,3,26,79,28,56,0.277,0.317,0.516,0.833,252
2005,AL,Juan Gonzalez,35,CLE,1,1,1,0,0,0,0,0,0,0,0,0,0,0,0,0
2005,AL,Shea Hillenbrand,29,TOR,152,645,594,91,173,36,2,18,82,26,79,0.291,0.343,0.449,0.792,267
2005,AL,Gary Matthews,30,TEX,131,526,475,72,121,25,5,17,55,47,90,0.255,0.32,0.436,0.756,207
2005,AL,Craig Monroe,28,DET,157,623,567,69,157,30,3,20,89,40,95,0.277,0.322,0.446,0.768,253
2005,AL,Melvin Mora,33,BAL,149,664,593,86,168,30,1,27,88,50,112,0.283,0.348,0.474,0.821,281
2005,AL,Trot Nixon,31,BOS,124,470,408,64,112,29,1,13,67,53,59,0.275,0.357,0.446,0.804,182
2005,AL,Magglio Ordonez,31,DET,82,343,305,38,92,17,0,8,46,30,35,0.302,0.359,0.436,0.795,133
2005,AL,David Ortiz,29,BOS,159,713,601,119,180,40,1,47,148,102,124,0.3,0.397,0.604,1.001,363
2005,AL,Rafael Palmeiro,40,BAL,110,422,369,47,98,13,0,18,60,43,43,0.266,0.339,0.447,0.786,165
2005,AL,Manny Ramirez,33,BOS,152,650,554,112,162,30,1,45,144,80,119,0.292,0.388,0.594,0.982,329
2005,AL,Brian Roberts,27,BAL,143,640,561,92,176,45,7,18,73,67,83,0.314,0.387,0.515,0.903,289
2005,AL,Alex Rodriguez,29,NYY,162,715,605,124,194,29,1,48,130,91,139,0.321,0.421,0.61,1.031,369
2005,AL,Ivan Rodriguez,33,DET,129,525,504,71,139,33,5,14,50,11,93,0.276,0.29,0.444,0.735,224
2005,AL,Richie Sexson,30,SEA,156,656,558,99,147,36,1,39,121,89,167,0.263,0.369,0.541,0.91,302
2005,AL,Gary Sheffield,36,NYY,154,675,584,104,170,27,0,34,123,78,76,0.291,0.379,0.512,0.891,299
2005,AL,Alfonso Soriano,29,TEX,156,682,637,102,171,43,2,36,104,33,125,0.268,0.309,0.512,0.821,326
2005,AL,Sammy Sosa,36,BAL,102,424,380,39,84,15,1,14,45,39,84,0.221,0.295,0.376,0.671,143
2005,AL,Scott Spiezio,32,SEA,29,51,47,2,3,1,0,1,1,4,18,0.064,0.137,0.149,0.286,7
2005,AL,Miguel Tejada,31,BAL,162,704,654,89,199,50,5,26,98,40,83,0.304,0.349,0.515,0.865,337
2005,AL,Vernon Wells,26,TOR,156,678,620,78,167,30,3,28,97,47,86,0.269,0.32,0.463,0.783,287
2005,AL,Randy Winn,31,SEA,102,436,386,46,106,25,1,6,37,37,53,0.275,0.342,0.391,0.733,151
2005,AL,Dmitri Young,31,DET,126,509,469,61,127,25,3,21,72,29,100,0.271,0.325,0.471,0.796,221
2005,NL,Bobby Abreu,31,PHI,162,719,588,104,168,37,1,24,102,117,134,0.286,0.405,0.474,0.879,279
2005,NL,Moises Alou,38,SFG,123,490,427,67,137,21,3,19,63,56,43,0.321,0.4,0.518,0.918,221
2005,NL,Tony Armas,27,WSN,17,34,32,1,4,0,0,0,0,1,13,0.125,0.152,0.125,0.277,4
2005,NL,Rich Aurilia,33,CIN,114,468,426,61,120,23,2,14,68,37,67,0.282,0.338,0.444,0.782,189
2005,NL,Barry Bonds,40,SFG,14,52,42,8,12,1,0,5,10,9,6,0.286,0.404,0.667,1.071,28
2005,NL,Milton Bradley,27,LAD,75,316,283,49,82,14,1,13,38,25,47,0.29,0.35,0.484,0.835,137
2005,NL,Jeromy Burnitz,36,CHC,160,671,605,84,156,31,2,24,87,57,109,0.258,0.322,0.435,0.757,263
2005,NL,Eric Byrnes,29,COL,15,60,53,2,10,2,0,0,5,7,11,0.189,0.283,0.226,0.51,12
2005,NL,Mike Cameron,32,NYM,76,343,308,47,84,23,2,12,39,29,85,0.273,0.342,0.477,0.819,147
2005,NL,Roger Cedeno,30,STL,37,61,57,4,9,1,0,0,8,2,6,0.158,0.197,0.175,0.372,10
2005,NL,Carlos Delgado,33,FLA,144,616,521,81,157,41,3,33,115,72,121,0.301,0.399,0.582,0.981,303
2005,NL,Cliff Floyd,32,NYM,150,626,550,85,150,22,2,34,98,63,98,0.273,0.358,0.505,0.863,278
2005,NL,Nomar Garciaparra,31,CHC,62,247,230,28,65,12,0,9,30,12,24,0.283,0.32,0.452,0.772,104
2005,NL,Troy Glaus,28,ARI,149,634,538,78,139,29,1,37,97,84,145,0.258,0.363,0.522,0.885,281
2005,NL,Luis Gonzalez,37,ARI,155,672,579,90,157,37,0,24,79,78,90,0.271,0.366,0.459,0.825,266
2005,NL,Luis Gonzalez,26,COL,128,442,404,51,118,25,0,9,44,20,63,0.292,0.333,0.421,0.753,170
2005,NL,Shawn Green,32,ARI,158,656,581,87,166,37,4,22,73,62,95,0.286,0.355,0.477,0.832,277
2005,NL,Jose Guillen,29,WSN,148,611,551,81,156,32,2,24,76,31,102,0.283,0.338,0.479,0.817,264
2005,NL,Jerry Hairston,29,CHC,114,430,380,51,99,25,2,4,30,31,46,0.261,0.336,0.368,0.704,140
2005,NL,Todd Helton,31,COL,144,626,509,92,163,45,2,20,79,106,80,0.32,0.445,0.534,0.979,272
2005,NL,Geoff Jenkins,30,MIL,148,618,538,87,157,42,1,25,86,56,138,0.292,0.375,0.513,0.888,276
2005,NL,Ryan Klesko,34,SDP,137,520,443,61,110,19,1,18,58,75,80,0.248,0.358,0.418,0.775,185
2005,NL,Derrek Lee,29,CHC,158,691,594,120,199,50,3,46,107,85,109,0.335,0.418,0.662,1.08,393
2005,NL,Paul Lo Duca,33,FLA,132,496,445,45,126,23,1,6,57,34,31,0.283,0.334,0.38,0.714,169
2005,NL,Javier Lopez,27,COL,3,0,0,0,0,0,0,0,0,0,0,,,,,0
2005,NL,Javier Lopez,27,ARI,29,0,0,0,0,0,0,0,0,0,0,,,,,0
2005,NL,Derek Lowe,32,LAD,33,76,65,3,10,2,0,0,4,2,17,0.154,0.179,0.185,0.364,12
2005,NL,Raul Mondesi,34,ATL,41,155,142,17,30,7,1,4,17,12,35,0.211,0.271,0.359,0.63,51
2005,NL,Corey Patterson,25,CHC,126,483,451,47,97,15,3,13,34,23,118,0.215,0.254,0.348,0.602,157
2005,NL,Aramis Ramirez,27,CHC,123,506,463,72,140,30,0,31,92,35,60,0.302,0.358,0.568,0.926,263
2005,NL,Benito Santiago,40,PIT,6,23,23,1,6,1,1,0,0,0,3,0.261,0.261,0.391,0.652,9
2005,NL,Ben Weber,35,CIN,10,0,0,0,0,0,0,0,0,0,0,,,,,0
2005,NL,Craig Wilson,28,PIT,59,238,197,23,52,14,1,5,22,30,69,0.264,0.387,0.421,0.808,83
2005,NL,Randy Winn,31,SFG,58,247,231,39,83,22,5,14,26,11,38,0.359,0.391,0.68,1.071,157
2006,AL,Bobby Abreu,32,NYY,58,248,209,37,69,16,0,7,42,33,52,0.33,0.419,0.507,0.926,106
2006,AL,Sandy Alomar,40,CHW,19,51,46,5,10,3,0,1,8,3,7,0.217,0.255,0.348,0.603,16
2006,AL,Adrian Beltre,27,SEA,156,681,620,88,166,39,4,25,89,47,118,0.268,0.328,0.465,0.792,288
2006,AL,Casey Blake,32,CLE,109,456,401,63,113,20,1,19,68,45,93,0.282,0.356,0.479,0.835,192
2006,AL,Aaron Boone,33,CLE,104,392,354,50,89,19,1,7,46,27,62,0.251,0.314,0.37,0.684,131
2006,AL,Milton Bradley,28,OAK,96,405,351,53,97,14,2,14,52,51,65,0.276,0.37,0.447,0.818,157
2006,AL,Frank Catalanotto,32,TOR,128,499,437,56,131,36,2,7,56,52,37,0.3,0.376,0.439,0.816,192
2006,AL,Eric Chavez,28,OAK,137,576,485,74,117,24,2,22,72,84,100,0.241,0.351,0.435,0.786,211
2006,AL,Jose Contreras,34,CHW,2,6,4,1,0,0,0,0,0,2,2,0,0.333,0,0.333,0
2006,AL,Johnny Damon,32,NYY,149,671,593,115,169,35,5,24,80,67,85,0.285,0.359,0.482,0.841,286
2006,AL,Carl Everett,35,SEA,92,343,308,37,70,8,0,11,33,29,57,0.227,0.297,0.36,0.658,111
2006,AL,Freddy Garcia,29,CHW,2,6,5,0,1,0,0,0,0,0,2,0.2,0.2,0.2,0.4,1
2006,AL,Jason Giambi,35,NYY,139,579,446,92,113,25,0,37,113,110,106,0.253,0.413,0.558,0.971,249
2006,AL,Jay Gibbons,29,BAL,90,378,343,34,95,23,0,13,46,32,48,0.277,0.341,0.458,0.799,157
2006,AL,Troy Glaus,29,TOR,153,634,540,105,136,27,0,38,104,86,134,0.252,0.355,0.513,0.868,277
2006,AL,Jerry Hairston,30,TEX,63,100,88,17,18,3,1,0,6,9,20,0.205,0.286,0.261,0.547,23
2006,AL,Shea Hillenbrand,30,TOR,81,319,296,40,89,15,1,12,39,14,40,0.301,0.342,0.48,0.821,142
2006,AL,Javier Lopez,28,BOS,3,0,0,0,0,0,0,0,0,0,0,,,,,0
2006,AL,Gary Matthews,31,TEX,147,690,620,102,194,44,6,19,79,58,99,0.313,0.371,0.495,0.866,307
2006,AL,Craig Monroe,29,DET,147,585,541,89,138,35,2,28,92,37,126,0.255,0.301,0.482,0.783,261
2006,AL,Melvin Mora,34,BAL,155,705,624,96,171,25,0,16,83,54,99,0.274,0.342,0.391,0.733,244
2006,AL,Trot Nixon,32,BOS,114,453,381,59,102,24,0,8,52,60,56,0.268,0.373,0.394,0.767,150
2006,AL,Magglio Ordonez,32,DET,155,646,593,82,177,32,1,24,104,45,87,0.298,0.35,0.477,0.827,283
2006,AL,David Ortiz,30,BOS,151,686,558,115,160,29,2,54,137,119,117,0.287,0.413,0.636,1.049,355
2006,AL,Corey Patterson,26,BAL,135,499,463,75,128,19,5,16,53,21,94,0.276,0.314,0.443,0.757,205
2006,AL,Manny Ramirez,34,BOS,130,558,449,79,144,27,1,35,102,100,102,0.321,0.439,0.619,1.058,278
2006,AL,Brian Roberts,28,BAL,138,630,563,85,161,34,3,10,55,55,66,0.286,0.347,0.41,0.757,231
2006,AL,Alex Rodriguez,30,NYY,154,674,572,113,166,26,1,35,121,90,139,0.29,0.392,0.523,0.914,299
2006,AL,Ivan Rodriguez,34,DET,136,580,547,74,164,28,4,13,69,26,86,0.3,0.332,0.437,0.769,239
2006,AL,Richie Sexson,31,SEA,158,663,591,75,156,40,0,34,107,64,154,0.264,0.338,0.504,0.842,298
2006,AL,Gary Sheffield,37,NYY,39,166,151,22,45,5,0,6,25,13,16,0.298,0.355,0.45,0.806,68
2006,AL,Fernando Tatis,31,BAL,28,64,56,7,14,6,1,2,8,6,17,0.25,0.313,0.5,0.813,28
2006,AL,Miguel Tejada,32,BAL,162,709,648,99,214,37,0,24,100,46,79,0.33,0.379,0.498,0.878,323
2006,AL,Vernon Wells,27,TOR,154,677,611,91,185,40,5,32,106,54,90,0.303,0.357,0.542,0.899,331
2006,AL,Craig Wilson,29,NYY,40,109,104,15,22,4,0,4,8,4,34,0.212,0.248,0.365,0.613,38
2006,AL,Dmitri Young,32,DET,48,184,172,19,43,4,1,7,23,11,39,0.25,0.293,0.407,0.7,70
2006,NL,Bobby Abreu,32,PHI,98,438,339,61,94,25,2,8,65,91,86,0.277,0.427,0.434,0.861,147
2006,NL,Sandy Alomar,40,LAD,27,62,62,3,20,5,0,0,9,0,7,0.323,0.323,0.403,0.726,25
2006,NL,Moises Alou,39,SFG,98,378,345,52,104,25,1,22,74,28,31,0.301,0.352,0.571,0.923,197
2006,NL,Tony Armas,28,WSN,29,56,50,1,3,0,0,0,1,1,21,0.06,0.078,0.06,0.138,3
2006,NL,Rich Aurilia,34,CIN,122,481,440,61,132,25,1,23,70,34,51,0.3,0.349,0.518,0.867,228
2006,NL,Danys Baez,28,LAD,42,0,0,0,0,0,0,0,0,0,0,,,,,0
2006,NL,Danys Baez,28,ATL,11,0,0,0,0,0,0,0,0,0,0,,,,,0
2006,NL,Barry Bonds,41,SFG,130,493,367,74,99,23,0,26,77,115,51,0.27,0.454,0.545,0.999,200
2006,NL,Jeromy Burnitz,37,PIT,111,343,313,35,72,12,0,16,49,22,74,0.23,0.289,0.422,0.711,132
2006,NL,Eric Byrnes,30,ARI,143,606,562,82,150,37,3,26,79,34,88,0.267,0.313,0.482,0.795,271
2006,NL,Mike Cameron,33,SDP,141,634,552,88,148,34,9,22,83,71,142,0.268,0.355,0.482,0.837,266
2006,NL,Carlos Delgado,34,NYM,144,618,524,89,139,30,2,38,114,74,120,0.265,0.361,0.548,0.909,287
2006,NL,Cliff Floyd,33,NYM,97,376,332,45,81,19,1,11,44,29,58,0.244,0.324,0.407,0.731,135
2006,NL,Ryan Franklin,33,PHI,41,2,2,0,0,0,0,0,0,0,2,0,0,0,0,0
2006,NL,Ryan Franklin,33,CIN,20,2,2,0,0,0,0,0,0,0,2,0,0,0,0,0
2006,NL,Nomar Garciaparra,32,LAD,122,523,469,82,142,31,2,20,93,42,30,0.303,0.367,0.505,0.872,237
2006,NL,Luis Gonzalez,38,ARI,153,668,586,93,159,52,2,15,73,69,58,0.271,0.352,0.444,0.795,260
2006,NL,Luis Gonzalez,27,COL,61,158,149,7,36,9,1,2,14,4,27,0.242,0.269,0.356,0.625,53
2006,NL,Shawn Green,33,ARI,115,462,417,59,118,22,3,11,51,37,64,0.283,0.348,0.429,0.778,179
2006,NL,Shawn Green,33,NYM,34,126,113,14,29,9,0,4,15,8,18,0.257,0.325,0.442,0.768,50
2006,NL,Jose Guillen,30,WSN,69,268,241,28,52,15,1,9,40,15,48,0.216,0.276,0.398,0.674,96
2006,NL,Jerry Hairston,30,CHC,38,92,82,8,17,3,0,0,4,4,14,0.207,0.253,0.244,0.497,20
2006,NL,Todd Helton,32,COL,145,649,546,94,165,40,5,15,81,91,64,0.302,0.404,0.476,0.88,260
2006,NL,Shea Hillenbrand,30,SFG,60,247,234,33,58,12,0,9,29,7,40,0.248,0.275,0.415,0.69,97
2006,NL,Geoff Jenkins,31,MIL,147,555,484,62,131,26,1,17,70,56,129,0.271,0.357,0.434,0.791,210
2006,NL,Ryan Klesko,35,SDP,6,6,4,0,3,1,0,0,2,2,0,0.75,0.833,1,1.833,4
2006,NL,Derrek Lee,30,CHC,50,204,175,30,50,9,0,8,30,25,41,0.286,0.368,0.474,0.842,83
2006,NL,Paul Lo Duca,34,NYM,124,551,512,80,163,39,1,5,49,24,38,0.318,0.355,0.428,0.783,219
2006,NL,Derek Lowe,33,LAD,33,79,64,5,6,2,0,0,3,4,19,0.094,0.145,0.125,0.27,8
2006,NL,Aramis Ramirez,28,CHC,157,660,594,93,173,38,4,38,119,50,63,0.291,0.352,0.561,0.912,333
2006,NL,Alfonso Soriano,30,WSN,159,728,647,119,179,41,2,46,95,67,160,0.277,0.351,0.56,0.911,362
2006,NL,Scott Spiezio,33,STL,119,321,276,44,75,15,4,13,52,37,66,0.272,0.366,0.496,0.862,137
2006,NL,Craig Wilson,29,PIT,85,286,255,38,68,11,2,13,41,24,88,0.267,0.339,0.478,0.818,122
2006,NL,Randy Winn,32,SFG,149,635,573,82,150,34,5,11,56,48,63,0.262,0.324,0.396,0.721,227
2007,AL,Bobby Abreu,33,NYY,158,699,605,123,171,40,5,16,101,84,115,0.283,0.369,0.445,0.814,269
2007,AL,Danys Baez,29,BAL,2,0,0,0,0,0,0,0,0,0,0,,,,,0
2007,AL,Adrian Beltre,28,SEA,149,639,595,87,164,41,2,26,99,38,104,0.276,0.319,0.482,0.802,287
2007,AL,Casey Blake,33,CLE,156,662,588,81,159,36,4,18,78,54,123,0.27,0.339,0.437,0.776,257
2007,AL,Milton Bradley,29,OAK,19,75,65,6,19,4,0,2,7,8,14,0.292,0.373,0.446,0.819,29
2007,AL,Frank Catalanotto,33,TEX,103,377,331,52,86,20,4,11,44,28,37,0.26,0.337,0.444,0.781,147
2007,AL,Eric Chavez,29,OAK,90,379,341,43,82,21,2,15,46,34,76,0.24,0.306,0.446,0.752,152
2007,AL,Jose Contreras,35,CHW,1,1,1,0,0,0,0,0,0,0,1,0,0,0,0,0
2007,AL,Johnny Damon,33,NYY,141,605,533,93,144,27,2,12,63,66,79,0.27,0.351,0.396,0.747,211
2007,AL,Jason Giambi,36,NYY,83,303,254,31,60,8,0,14,39,40,66,0.236,0.356,0.433,0.79,110
2007,AL,Jay Gibbons,30,BAL,84,290,270,28,62,14,0,6,28,15,52,0.23,0.272,0.348,0.621,94
2007,AL,Troy Glaus,30,TOR,115,456,385,60,101,19,1,20,62,61,102,0.262,0.366,0.473,0.839,182
2007,AL,Jose Guillen,31,SEA,153,659,593,84,172,28,2,23,99,41,118,0.29,0.353,0.46,0.813,273
2007,AL,Jerry Hairston,31,TEX,73,184,159,22,30,7,0,3,16,11,24,0.189,0.249,0.289,0.538,46
2007,AL,Shea Hillenbrand,31,LAA,53,204,197,19,50,5,0,3,22,5,18,0.254,0.275,0.325,0.599,64
2007,AL,Javier Lopez,29,BOS,3,0,0,0,0,0,0,0,0,0,0,,,,,0
2007,AL,Gary Matthews,32,LAA,140,579,516,79,130,26,3,18,72,55,102,0.252,0.323,0.419,0.742,216
2007,AL,Craig Monroe,30,DET,99,372,343,47,76,19,0,11,55,20,94,0.222,0.264,0.373,0.637,128
2007,AL,Melvin Mora,35,BAL,126,527,467,67,128,23,1,14,58,47,83,0.274,0.341,0.418,0.759,195
2007,AL,Trot Nixon,33,CLE,99,354,307,30,77,17,0,3,31,44,59,0.251,0.342,0.336,0.677,103
2007,AL,Magglio Ordonez,33,DET,157,679,595,117,216,54,0,28,139,76,79,0.363,0.434,0.595,1.029,354
2007,AL,David Ortiz,31,BOS,149,667,549,116,182,52,1,35,117,111,103,0.332,0.445,0.621,1.066,341
2007,AL,Corey Patterson,27,BAL,132,503,461,65,124,26,2,8,45,21,65,0.269,0.304,0.386,0.69,178
2007,AL,Manny Ramirez,35,BOS,133,569,483,84,143,33,1,20,88,71,92,0.296,0.388,0.493,0.881,238
2007,AL,Brian Roberts,29,BAL,156,716,621,103,180,42,5,12,57,89,99,0.29,0.377,0.432,0.808,268
2007,AL,Alex Rodriguez,31,NYY,158,708,583,143,183,31,0,54,156,95,120,0.314,0.422,0.645,1.067,376
2007,AL,Ivan Rodriguez,35,DET,129,515,502,50,141,31,3,11,63,9,96,0.281,0.294,0.42,0.714,211
2007,AL,Richie Sexson,32,SEA,121,491,434,58,89,21,0,21,63,51,100,0.205,0.295,0.399,0.694,173
2007,AL,Gary Sheffield,38,DET,133,593,494,107,131,20,1,25,75,84,71,0.265,0.378,0.462,0.839,228
2007,AL,Sammy Sosa,38,TEX,114,454,412,53,104,24,1,21,92,34,112,0.252,0.311,0.468,0.779,193
2007,AL,Miguel Tejada,33,BAL,133,569,514,72,152,19,1,18,81,41,55,0.296,0.357,0.442,0.799,227
2007,AL,Vernon Wells,28,TOR,149,642,584,85,143,36,4,16,80,49,89,0.245,0.304,0.402,0.706,235
2007,NL,Sandy Alomar,41,NYM,8,22,22,1,3,1,0,0,0,0,3,0.136,0.136,0.182,0.318,4
2007,NL,Moises Alou,40,NYM,87,360,328,51,112,19,1,13,49,27,30,0.341,0.392,0.524,0.916,172
2007,NL,Tony Armas,29,PIT,29,28,26,0,3,1,0,0,2,0,12,0.115,0.115,0.154,0.269,4
2007,NL,Rich Aurilia,35,SFG,99,358,329,40,83,19,2,5,33,22,45,0.252,0.304,0.368,0.672,121
2007,NL,Barry Bonds,42,SFG,126,477,340,75,94,14,0,28,66,132,54,0.276,0.48,0.565,1.045,192
2007,NL,Aaron Boone,34,FLA,69,228,189,27,54,11,0,5,28,21,41,0.286,0.388,0.423,0.811,80
2007,NL,Milton Bradley,29,SDP,42,169,144,31,45,5,1,11,30,23,27,0.313,0.414,0.59,1.004,85
2007,NL,Eric Byrnes,31,ARI,160,699,626,103,179,30,8,21,83,57,98,0.286,0.353,0.46,0.813,288
2007,NL,Mike Cameron,34,SDP,151,651,571,88,138,33,6,21,78,67,160,0.242,0.328,0.431,0.759,246
2007,NL,Carlos Delgado,35,NYM,139,607,538,71,139,30,0,24,87,52,118,0.258,0.333,0.448,0.781,241
2007,NL,Cliff Floyd,34,CHC,108,322,282,40,80,10,1,9,45,35,47,0.284,0.373,0.422,0.795,119
2007,NL,Ryan Franklin,34,STL,64,2,2,0,1,0,0,0,1,0,1,0.5,0.5,0.5,1,1
2007,NL,Freddy Garcia,30,PHI,10,22,17,1,4,1,0,0,2,2,7,0.235,0.3,0.294,0.594,5
2007,NL,Nomar Garciaparra,33,LAD,121,466,431,39,122,17,0,7,59,31,41,0.283,0.328,0.371,0.7,160
2007,NL,Luis Gonzalez,39,LAD,139,526,464,70,129,23,2,15,68,56,56,0.278,0.359,0.433,0.793,201
2007,NL,Shawn Green,34,NYM,130,491,446,62,130,30,1,10,46,37,62,0.291,0.352,0.43,0.782,192
2007,NL,Todd Helton,33,COL,154,682,557,86,178,42,2,17,91,116,74,0.32,0.434,0.494,0.928,275
2007,NL,Shea Hillenbrand,31,LAD,20,74,70,6,17,0,2,1,9,2,12,0.243,0.257,0.343,0.6,24
2007,NL,Geoff Jenkins,32,MIL,132,464,420,45,107,24,2,21,64,32,116,0.255,0.319,0.471,0.79,198
2007,NL,Ryan Klesko,36,SFG,116,411,362,51,94,27,3,6,44,46,68,0.26,0.344,0.401,0.744,145
2007,NL,Derrek Lee,31,CHC,150,650,567,91,180,43,1,22,82,71,114,0.317,0.4,0.513,0.913,291
2007,NL,Paul Lo Duca,35,NYM,119,488,445,46,121,18,1,9,54,24,33,0.272,0.311,0.378,0.689,168
2007,NL,Derek Lowe,34,LAD,31,71,59,2,7,0,0,0,1,5,17,0.119,0.185,0.119,0.303,7
2007,NL,Craig Monroe,30,CHC,23,55,49,6,10,4,0,1,4,6,13,0.204,0.291,0.347,0.638,17
2007,NL,Aramis Ramirez,29,CHC,132,558,506,72,157,35,4,26,101,43,66,0.31,0.366,0.549,0.915,278
2007,NL,Alfonso Soriano,31,CHC,135,617,579,97,173,42,5,33,70,31,130,0.299,0.337,0.56,0.897,324
2007,NL,Scott Spiezio,34,STL,81,257,223,31,60,14,0,4,31,27,40,0.269,0.354,0.386,0.74,86
2007,NL,Craig Wilson,30,ATL,24,69,58,6,10,2,0,1,2,8,25,0.172,0.304,0.259,0.563,15
2007,NL,Randy Winn,33,SFG,155,653,593,73,178,42,1,14,65,44,85,0.3,0.353,0.445,0.798,264
2007,NL,Dmitri Young,33,WSN,136,508,460,57,147,38,1,13,74,44,74,0.32,0.378,0.491,0.869,226
2008,AL,Bobby Abreu,34,NYY,156,684,609,100,180,39,4,20,100,73,109,0.296,0.371,0.471,0.843,287
2008,AL,Adrian Beltre,29,SEA,143,612,556,74,148,29,1,25,77,50,90,0.266,0.327,0.457,0.784,254
2008,AL,Casey Blake,34,CLE,94,368,325,46,94,24,0,11,58,33,68,0.289,0.365,0.465,0.83,151
2008,AL,Milton Bradley,30,TEX,126,510,414,78,133,32,1,22,77,80,112,0.321,0.436,0.563,0.999,233
2008,AL,Frank Catalanotto,34,TEX,88,278,248,28,68,23,1,2,21,20,29,0.274,0.342,0.399,0.741,99
2008,AL,Eric Chavez,30,OAK,23,95,89,10,22,7,0,2,14,6,18,0.247,0.295,0.393,0.688,35
2008,AL,Jose Contreras,36,CHW,1,1,1,0,0,0,0,0,0,0,1,0,0,0,0,0
2008,AL,Johnny Damon,34,NYY,143,623,555,95,168,27,5,17,71,64,82,0.303,0.375,0.461,0.836,256
2008,AL,Cliff Floyd,35,TBR,80,284,246,32,66,13,0,11,39,28,58,0.268,0.349,0.455,0.804,112
2008,AL,Jason Giambi,37,NYY,145,565,458,68,113,19,1,32,96,76,111,0.247,0.373,0.502,0.876,230
2008,AL,Jose Guillen,32,KCR,153,633,598,66,158,42,1,20,97,23,106,0.264,0.3,0.438,0.738,262
2008,AL,Javier Lopez,30,BOS,3,1,1,0,0,0,0,0,0,0,1,0,0,0,0,0
2008,AL,Gary Matthews,33,LAA,127,477,426,53,103,19,3,8,46,45,95,0.242,0.319,0.357,0.675,152
2008,AL,Craig Monroe,31,MIN,58,179,163,22,33,9,0,8,29,16,48,0.202,0.274,0.405,0.679,66
2008,AL,Melvin Mora,36,BAL,135,570,513,77,146,29,2,23,104,37,70,0.285,0.342,0.483,0.826,248
2008,AL,Magglio Ordonez,34,DET,146,623,561,72,178,32,2,21,103,53,76,0.317,0.376,0.494,0.869,277
2008,AL,David Ortiz,32,BOS,109,491,416,74,110,30,1,23,89,70,74,0.264,0.369,0.507,0.877,211
2008,AL,Manny Ramirez,36,BOS,100,425,365,66,109,22,1,20,68,52,86,0.299,0.398,0.529,0.926,193
2008,AL,Brian Roberts,30,BAL,155,704,611,107,181,51,8,9,57,82,104,0.296,0.378,0.45,0.828,275
2008,AL,Alex Rodriguez,32,NYY,138,594,510,104,154,33,0,35,103,65,117,0.302,0.392,0.573,0.965,292
2008,AL,Ivan Rodriguez,36,DET,82,328,302,33,89,16,3,5,32,19,52,0.295,0.338,0.417,0.756,126
2008,AL,Ivan Rodriguez,36,NYY,33,101,96,11,21,4,0,2,3,4,15,0.219,0.257,0.323,0.58,31
2008,AL,Richie Sexson,33,SEA,74,292,252,27,55,8,0,11,30,37,76,0.218,0.315,0.381,0.696,96
2008,AL,Richie Sexson,33,NYY,22,35,28,2,7,1,0,1,6,6,10,0.25,0.371,0.393,0.764,11
2008,AL,Gary Sheffield,39,DET,114,482,418,52,94,16,0,19,57,58,83,0.225,0.326,0.4,0.725,167
2008,AL,Vernon Wells,29,TOR,108,466,427,63,128,22,1,20,78,29,46,0.3,0.343,0.496,0.84,212
2008,NL,Moises Alou,41,NYM,15,54,49,4,17,2,0,0,9,2,4,0.347,0.389,0.388,0.777,19
2008,NL,Tony Armas,30,NYM,3,3,3,0,0,0,0,0,0,0,0,0,0,0,0,0
2008,NL,Rich Aurilia,36,SFG,140,440,407,33,115,21,1,10,52,30,56,0.283,0.332,0.413,0.745,168
2008,NL,Casey Blake,34,LAD,58,233,211,25,53,12,1,10,23,16,52,0.251,0.313,0.46,0.773,97
2008,NL,Aaron Boone,35,WSN,104,255,232,23,56,13,1,6,28,18,52,0.241,0.299,0.384,0.683,89
2008,NL,Eric Byrnes,32,ARI,52,224,206,28,43,13,1,6,23,16,36,0.209,0.272,0.369,0.641,76
2008,NL,Mike Cameron,35,MIL,120,508,444,69,108,25,2,25,70,54,142,0.243,0.331,0.477,0.809,212
2008,NL,Carlos Delgado,36,NYM,159,686,598,96,162,32,1,38,115,72,124,0.271,0.353,0.518,0.871,310
2008,NL,Ryan Franklin,35,STL,70,0,0,0,0,0,0,0,0,0,0,,,,,0
2008,NL,Nomar Garciaparra,34,LAD,55,181,163,24,43,9,0,8,28,15,11,0.264,0.326,0.466,0.792,76
2008,NL,Troy Glaus,31,STL,151,637,544,69,147,33,1,27,99,87,104,0.27,0.372,0.483,0.856,263
2008,NL,Luis Gonzalez,40,FLA,136,387,341,30,89,26,1,8,47,41,43,0.261,0.336,0.413,0.749,141
2008,NL,Jerry Hairston,32,CIN,80,297,261,47,85,20,2,6,36,23,36,0.326,0.384,0.487,0.871,127
2008,NL,Todd Helton,34,COL,83,361,299,39,79,16,0,7,29,61,50,0.264,0.391,0.388,0.779,116
2008,NL,Geoff Jenkins,33,PHI,115,322,293,27,72,16,0,9,29,24,68,0.246,0.301,0.392,0.694,115
2008,NL,Derrek Lee,32,CHC,155,698,623,93,181,41,3,20,90,71,119,0.291,0.361,0.462,0.823,288
2008,NL,Paul Lo Duca,36,WSN,46,153,139,13,32,7,0,0,12,9,9,0.23,0.301,0.281,0.581,39
2008,NL,Paul Lo Duca,36,FLA,21,40,34,3,10,2,0,0,3,6,2,0.294,0.4,0.353,0.753,12
2008,NL,Derek Lowe,35,LAD,32,75,65,4,9,0,0,0,5,3,20,0.138,0.176,0.138,0.315,9
2008,NL,Trot Nixon,34,NYM,11,41,35,2,6,1,0,1,1,6,9,0.171,0.293,0.286,0.578,10
2008,NL,Corey Patterson,28,CIN,135,392,366,46,75,17,2,10,34,16,57,0.205,0.238,0.344,0.582,126
2008,NL,Aramis Ramirez,30,CHC,149,645,554,97,160,44,1,27,111,74,94,0.289,0.38,0.518,0.898,287
2008,NL,Manny Ramirez,36,LAD,53,229,187,36,74,14,0,17,53,35,38,0.396,0.489,0.743,1.232,139
2008,NL,Alfonso Soriano,32,CHC,109,503,453,76,127,27,0,29,75,43,103,0.28,0.344,0.532,0.876,241
2008,NL,Fernando Tatis,33,NYM,92,306,273,33,81,16,1,11,47,29,59,0.297,0.369,0.484,0.853,132
2008,NL,Miguel Tejada,34,HOU,158,666,632,92,179,38,3,13,66,24,72,0.283,0.314,0.415,0.729,262
2008,NL,Randy Winn,34,SFG,155,667,598,84,183,38,2,10,64,59,88,0.306,0.363,0.426,0.79,255
2008,NL,Dmitri Young,34,WSN,50,180,150,15,42,6,0,4,10,28,28,0.28,0.394,0.4,0.794,60